n12885762,盖蒂别墅博物馆4月21日开放
n12885771,好莱坞环球影城4月16日重新开放
n12886034,民调：15%美国人财务状况比疫情前糟糕
n12886049,沃尔玛计划将2/3小时工转成全职工
n12886212,纽约州主计长：2020-21年税收比预期多30亿
n12885983,美新规限中国产IT设备 或影响450万家公司
n12862989,为反制中共稀土垄断 北美一公司展开行动
n12889133,洛县油价突破4美元 比全美高1.1美元
n12890213,政府刺激或推动美经济今年“井喷” 各界忧难以持续
n12890795,霍利提法案 打击谷歌亚马逊等公司巨大权力
n12891512,加州就业人数连月增长 洛杉矶失业率下降
n12891717,客流回升 Metro计划招回800雇员
n12891941,智库：美实际国债逾123兆 每人负担80万美元
n12892816,调查：26%员工疫情过后想跳槽
n12893589,失业金高于薪金 新泽西小企业招人难
n12894493,白思豪将大量购买加拿大水力发电电力
n12894503,纽约州长签2022财年预算案 中产阶级减税
n12896572,南加房屋买家争抢 5县房价创纪录
n12898416,【财商天下】Coinbase套现3亿 比特币熊市来了？
n12899187,新泽西房市疯狂 抢房大战比比皆是 房价飙升
n12899797,涉千人计划 华裔化学家窃可口可乐机密罪成
n12901041,美航空业要求疫苗护照是自愿的临时措施
n12901205,忧拜登加税 比特币跌破5万美元 比上周缩水24%
n12901222,忧投资者不支持加税？白宫拒绝置评
n12901166,美境内疫苗需求下降 部分地区减少供货剂量
n12899182,Costco用截屏警告客户：13个在线骗局要小心
n12904679,通胀来临？ 美国近期有哪些商品会涨价
n12905516,付50美元“面试费” 佛州麦当劳仍招工难
n12906321,苹果扩大在美投资 创2万就业 打造东岸新园区
n12906508,欧盟或在今夏开放完全接种的美国人入境
n12907444,拜登气候计划倡限制吃红肉？美农业部否认
n12908898,年轻人打疫苗意愿低 西弗州送债券鼓励接种
n12908686,拜登撒币后增税 美媒：将引国会两党论战
n12909073,加州等高税率州人口投奔德州 推动房地产狂潮
n12910108,美两党议员提基建计划替代案 经费减半不加税
n12911451,拜登将公布“家庭计划”七大福利抢先看
n12911757,摩根大通要求员工7月重返办公室上班
n12911983,美联储维持零利率 你如何利用从中获益？
n12912336,洛县期待升黄色级 盼经济限制更少
n12912420,维州劳登郡提供援助 缓解疫情经济影响
n12912529,华盛顿地区公寓租金连续4个月上涨
n12912732,优步推出新功能：提供预约疫苗接种及租车服务
n12913961,佛罗里达众议院通过法案 禁止使用疫苗护照
n12914193,美消费力惊人 推动首季GDP增长6.4%
n12914370,打击中共挖角芯片人才 台湾阻中介为大陆招人
n12915082,缺司机油价要涨？ 加州卡车运输业输官司
n12915034,白宫：富人税将影响年收入超50.9万美元家庭
n12915394,纽约市稳租房小房东撑不了 要求市府涨房租
n12915882,组图：美卡车司机短缺将影响夏季汽油供应
n12916560,基金巨头先锋集团宣布撤离中国 释何警讯
n12916789,推特季度收入增长疲软 股价跌 用户量未达标
n12917284,加州其它行业失业更多 迪士尼重开难转乾坤
n12917445,南加5月台湾蔬果节 高丽菜火爆上市
n12917536,餐馆补助金 5月23日前华人餐馆将获优先审批
n12915187,一年以来 涨价超过9%的日常用品和食品
n12919431,NASA逾50年首见 SpaceX载人飞船夜降大海
n12919679,印度吁放弃疫苗专利 美贸易代表将参加世贸谈判
n12919927,美议员提法案 限制世界银行向北京提供资金
n12921612,不只弯道超车 中共围剿特斯拉阴谋（下）
n12921651,雅虎AOL再易主 Verizon50亿赔卖给阿波罗
n12465043,【薇羽看世间】美大选副总统辩论 彭斯完胜
n12464046,洛杉矶地产经纪人：投资项目无法变更 小心惨赔
n12466718,纽约市长白思豪为冻结九亿美元教师工资辩解
n12467256,【薇羽看世间】佩洛西为何“罢免”川普？
n12465933,从食品到日用品 在Costco做六件事可省钱
n12468271,温泉名镇 科罗拉多向游客支付100美元奖励
n12458209,美国最富裕的十大都会区 加州占五
n12470334,疫情冲击需求 美国能源业半年裁逾10万人
n12476201,Ruby Tuesday申请破产 永久关闭185家餐厅
n12476163,川普政府考虑将蚂蚁集团加入贸易黑名单
n12475846,【薇羽看世间】美国大选背后的中共黑手
n12478409,美每周申请失业救济人数升至近90万人
n12478667,操纵鸡肉价格7年之久 美产链巨头认罪
n12478886,美30年固息抵押贷款利率2.81% 第十次创新低
n12479396,Aldi超市在北泽西又开新店
n12479785,美海关扣留1900副中国手套 指产品涉及奴工
n12480075,美海关查获走私中国电子烟 市价172万美元
n12481081,iPhone12促销战 美3大电信推出超值优惠
n12481308,美零售额连续5个月增长 消费者表现强势
n12481479,欧洲批准波音737 MAX年底复飞 波音股价上涨
n12481788,钻美国市场漏洞 中企赴美上市潮不降反升
n12481803,美向中国联通出手？FCC致信司法部要调查
n12476425,受中共科技专制拖累 科企出国路几近被堵死
n12484501,美参院本周二表决第二轮疫情救助金
n12484717,美航迈阿密—纽约航线 年底交737 Max执飞
n12483177,美国对中产阶级最好和最糟的十个州
n12485442,华为大势已去？跨大西洋联盟打造清洁网络
n12486773,备战疫情及流感 美最大连锁药店增聘1.5万人
n12486931,美车厂产能全开 汽车工业强势复苏至明年
n12487085,NASA斥资在月球建4G网络 诺基亚接单
n12488458,富士康称继续与美政府合作 投资威州创造就业
n12489226,旧金山公寓租金下跌31% 降幅居全美之冠
n12489489,美国人平均信用评分 在疫情期创15年新高
n12490454,纽约国际车展推迟至2021年8月举办
n12491698,巴菲特子公司触犯美制裁令 被罚四百万
n12491856,亚马逊在家上班延至6月 迪士尼取消跨年营业
n12491960,美国耆老200美元药费减免卡 将于选举后寄达
n12491917,【薇羽看世间】亨特中国行 神秘台湾人牵线？
n12491926,纳瓦罗揭示中共的近期和远期目标
n12494697,【薇羽看世间】美议员：全方位强化对台关系
n12493116,纽约世贸观景台 宣布11月重开
n12493110,疫情极左政治重创旅游业 纽约客叹艰难
n12493079,纽约州吁联邦纾困 补590亿美元财政缺口
n12494345,美首次申请失业金人数 降至疫情以来新低
n12494622,美9月成屋售价 涨幅冲上15年高点
n12494810,高盛付29亿美元 了结大马子公司行贿案
n12497151,曼哈顿公寓平均租金跌破3千元 近十年首见
n12497424,中共病毒大流行 可口可乐品牌“精简”过半
n12497123,【名家专栏】疫情下 美国房市怎么了？
n12497423,Uber、Lyft败诉 须30天内将加州司机转全职
n12498044,美国10月商业活动创20个月新高
n12487817,塞满你的冰箱 14种值得在Costco买的冷冻食品
n12500772,芭比娃娃狂销 美玩具大厂成为疫期赢家
n12500060,研究：美国人将为拜登经济政策付沉重代价
n12503147,失业数据：共和党州经济在疫情中表现较好
n12503453,摩根大通：川普胜选对美股市最有利
n12505836,美国税局发布2021年所得税税率表
n12505672,美农业部再投5亿 送出第4轮疫情食品盒
n12505839,【薇羽看世间】朱利安尼曾获讃“扫黑英雄”
n12508541,【薇羽看世间】加强版川普 频说错话的拜登
n12508390,波音陷入全年亏损 预告裁员1.5万人
n12508742,川普减税2.0 美国人十年少纳1.1万亿税金
n12509655,美国AMC连锁影院对外出租以求生
n12511088,美国经济在疫情重创后强劲反弹 创纪录增长
n12511782,台联电在美认罪 盗美光商业机密被罚六千万
n12511372,美公布接种中共病毒疫苗新规
n12511706,白宫幕僚长：川普不会因病毒封锁经济
n12511001,【名家专栏】美国大选：攸关经济成败
n12514126,【薇羽看世间】科技巨头及超级富豪们的选择
n12513694,【名家专栏】股市在告诉我们川普会赢吗？
n12513883,美国人购屋首看防乱避疫“房带地堡”成热搜
n12514197,美9月消费者支出和个人收入 涨幅超过预期
n12516624,【薇羽看世间】预言里的2020年
n12514183,专访阿拉斯加州长：减少对中国稀土依赖
n12514301,优先选择Costco而非亚马逊购物的7个理由
n12517807,美解除邮轮禁令 全球3大邮轮集团股大涨
n12517874,匹兹堡邮报背书川普 指拜登当选伤害经济
n12504570,美国最好的10个退休城市 7个在阳光州
n12519507,拜登应对疫情的计划成本是川普的6倍
n12520098,美大学调降学费 大一新生学费最低0元
n12520383,美10月制造业指数劲扬 创2年来最高
n12522631,谁入主白宫 影响美消费者节日掏钱意愿
n12520973,【名家专栏】凯恩斯幽灵在经济学界萦绕不散
n12522832,美股标普500指数预测川普胜出
n12523038,市场押宝 美股石油续涨 黄金和债券走高
n12525585,【薇羽看世间】通往白宫之路
n12525768,加州公投通过22号提案 Uber和Lyft盘前大涨
n12525836,佛州公投 未来6年将最低时薪调至15美元
n12525925,美国伊州选民公投否决加征富人所得税
n12527739,美第3季非农生产力涨4.9% 劳工成本下滑
n12528076,美上周申请失业金人数 创3月以来新低
n12528162,【薇羽看世间】美大选现异常 谁在搅混水？
n12529266,应对财政危机  CUNY下令高管休假5天
n12530431,美就业市场持续好转 失业率降至6.9%
n12530573,美投票日网购额达20亿 比上届大选增逾8成
n12530814,川普商品夺网购人气王 1个月逾200万搜索
n12528711,【名家专栏】通货膨胀不是一项社会政策
n12530726,【薇羽看世间】美国大选的变数与信念
n12531872,纽约十月份租金拖欠率出现新低点
n12532932,掌握9种计算机编程语言 年薪最低6万美元
n12534125,【薇羽看世间】一场精心策划的“政变”？
n12539655,蓬佩奥：11月20日和台湾经济对话 国务次卿主谈
n12544774,【薇羽看世间】舞弊严重 川普大反击
n12543496,拜登顾问：控制疫情 全美应封锁4至6周
n12544586,美上周领失业金人数再跌 就业市场持续改善
n12544811,【薇羽看世间】美大选诡异“乾坤大挪移”
n12545839,新泽西及全美汽油价格持续下跌
n12545927,新泽西州长令餐厅晚10点关门  允许“泡泡屋”就餐
n12548509,家得宝（Home Depot）开始黑五早期促销
n12547542,【薇羽看世间】美国的危机与选择
n12549561,【名家专栏】拜登要抬高时薪 大多数人将遭殃
n12551389,【薇羽看世间】川普政府一石二鸟   
n12551353,CNN收视率难保 传AT&T求售还债
n12551495,【薇羽看世间】美大选舞弊 惊人“多猫腻”
n12555666,经济学家警告 更多的封锁可能重创经济
n12556673,【薇羽看世间】川普早已布局撒网
n12558751,辉瑞：对65岁以上者 疫苗有效率达94%
n12558816,审查20个月后 FAA放行波音737 Max
n12559220,Heritage at Pennington好学区豪华新居
n12559778,报告：最低时薪$15会使200万美国人失业
n12561616,德州和佛州宣布不再实施封锁措施
n12561563,【薇羽看世间】川普团队“抽丝剥茧”
n12562018,伍市开新店 亚马逊进军新泽西杂货市场
n12562057,新泽西有望年底前获第一批中共病毒疫苗
n12563853,用Ibotta应用在沃尔玛买食品 可获感恩节免费餐
n12566379,除大批量购物省钱 Costco会员还有哪些好处
n12570134,打脸拜登 美智库：免学生债务无助刺激经济
n12570906,黑五优惠已开跑 零售商折扣多
n12572495,道指首破三万关口 川普祝贺全美民众
n12573468,【十字路口】五大暴力超限战 左派逼宫川普
n12575170,【薇羽看世间】中共没钱了？民企收割季到来
n12575531,纳瓦罗：国会若不通过刺激计划 经济会有麻烦
n12577819,【薇羽看世间】释放大海怪 舞弊阴谋无处遁形
n12578025,新泽西民众游行聚会 呼吁墨菲勿再封锁经济
n12578092,耗资1.75亿美元 新泽西启动新核心项目
n12578381,监管机构将取消在美上市中企的优惠待遇
n12578627,【微视频】川普记者会正名 拜登社会主义改造？
n12578751,疫情下纽约冷清感恩节 “黑五”提前的传统消失
n12579884,达美航空恢复飞意大利航线 落地无需隔离
n12580108,【薇羽看世间】一场大重构和大觉醒的战争
n12580867,众院少数党党鞭：拜登能源计划威胁美制造业
n12581109,鼓励民众光顾本地小商家 “小商家星期六”登场
n12581164,不受疫情影响 曼哈顿梅西百货热闹
n12588533,美悬赏500万 寻求中共等违反对朝鲜制裁线索
n12588476,美国会两党小组提经济刺激法案 规模九千亿
n12591263,美众院拟通过法案 加强监管在美上市中企
n12594034,打击奴工 美禁新疆建设兵团棉花产品入境
n12594047,美首领失业金人数创疫期新低 招聘续增
n12595741,涉违反人权 美禁止从新疆建设兵团进口棉花
n12596480,【薇羽看世间】川普政府告脸书
n12597199,美国11月新增就业24.5万人 失业率降至6.7%
n12597551,利率低 通勤少  新泽西人购房热情高
n12598571,【薇羽看世间】魔鬼的交易
n12586853,在Costco买这11种圣诞节商品 实惠又应景
n12601576,美疫苗无分发计划？卫生部长：拜登一派胡言
n12601716,【薇羽看世间】巴尔的顾虑
n12601454,【名家专栏】“大重置”与“大干预主义”风险
n12603715,恐遭主要股指剔除 入列美黑名单中企股惨跌
n12604420,白宫发言人：开发疫苗川普只花10个月
n12606800,马斯克加盟“出埃及记” 离开加州落户德州
n12610697,白宫发言人谈中共女谍案：民主党贼喊捉贼
n12611619,Lidl和Aldi在新泽西开设新店
n12611637,北京酬庸华尔街？高盛或成中国首家全资证券外企
n12613776,川普敦促FDA立即批准疫苗 开始救人
n12614477,高科技出走 旧金山公寓租金同比大跌
n12614412,美国务院：美国养老金资金流入中共企业
n12614787,纳斯达克剔除四中企股票 含中芯国际和中车
n12615615,【薇羽看世间】川普的后盾
n12620273,美开始发放疫苗 川普发推贺喜 股市提振
n12622702,疫情封锁下富人“出埃及” 纽约市损失340亿
n12623246,【薇羽看世间】先礼后兵？川普警告摇摆州
n12625739,【薇羽看世间】“太阳风”遭国家级黑客入侵
n12626090,莱特希泽：美欧飞机补贴协议 需遏制中共
n12628558,“落石”项目昂贵  地方政府质疑其必要性
n12628663,涨百万富翁税汽油税 州府11月税收增6,500万
n12628690,川普总统前大西洋城赌场建筑 下月将爆破拆除
n12628256,【薇羽看世间】脸书被指控 扎克伯格的处境
n12630385,加州民主党人幕后连署支持罢免州长
n12630238,【名家专栏】这不是“重置” 而是反革命
n12631534,纽约上州和长岛地区 12月31日调涨最低工资
n12632514,【薇羽看世间】数字珍珠港 美国反击
n12623770,圣诞新年在即 Costco在出售哪些节庆美食
n12623470,金融专家：中共永远不会给华尔街想要的
n12636094,姆钦：美国人最快下周获得600美元救济支票
n12636004,英国现传染性强的新变种病毒 重挫全球股市
n12636403,美国会公布九千亿美元疫情纾困案
n12638424,美国上调第三季经济增长 年增长率33.4%
n12638570,美第二张纾困支票的收入门槛及发钱期限
n12638886,拜登：9000亿美元救济法案只是首付
n12638917,川普要求国会修改救济法案 给美国人增援助金
n12639392,宾州州长提气候变化倡议 被批成本高无效益
n12640617,美失业救济新增人数跌至3周低点
n12641353,被指欲软化川普投资禁令 美财政部长回应
n12632288,推旅游 航空公司取消改票费 各家方案比一比
n12643160,众院两党针锋相对 刺激和支出法案前景不明
n12643437,两千美元救济支票 佩洛西要众院下周一表决
n12643999,新泽西建全美最大风电组件厂和风港 明年1月开工
n12644085,佩洛西：2.3兆支出法案通过 已送交川普
n12646028,纾困案未决 川普再推2000美元救济支票
n12646019,纽约空置公寓数创历史新高 租金跌至十多年来最低
n12646494,【名家专栏】经济预测为什么经常出错？
n12646674,资产过亿 2020年破产的美十大知名零售品牌
n12647706,摩尔：纾困案含多笔浪费开支 应包括减税
n12647773,美国会未敲定2千元支票案 百万人失救济金
n12650401,美公布无人机飞行最终规则 推动商业送货
n12650967,川普政府再强化对中共军工企业投资禁令
n12655289,【财商天下】震惊与难忘 2020十大财经看点
n12656248,加州强制防疫令延期无尽头 民众抱怨被害惨
n12656876,专家：中企风电项目近美军基地 威胁国安
n12657769,美单周首次申领失业金人数连续两周下降
n12657857,华盛顿州Costco爆中共病毒疫情 145员工确诊
n12658003,麦康奈尔：直接发二千美元是富人的社会主义
n12658333,美国20个州1月1日提高最低工资标准
n12658245,川普新年前夕讲话：2020美国人民创造了历史
n12658098,新泽西州长签署蓝十字蓝盾健保公司重组法案
n12658992,纽约证交所将让三大中国电信商下市
n12659185,纽约州全面调涨最低时薪
n12661123,疫情下 美国小业主与零售巨头冰火两重天
n12664424,制造业希望拜登加强“买美国货”政策
n12664857,美媒：中国石油巨头或面临被美除牌风险
n12666351,美中地区房价涨一成 专家预测今年涨势持续
n12667960,【疫情更新1.5】洛杉矶每15分钟1人死亡
n12668759,美12月制造业指数重返扩张 创2年最快增速
n12668993,美逾千人打疫苗后不适 数百人被送急诊
n12669367,封锁期营业被罚款 俄勒冈餐馆业主提诉
n12671216,纽约证交所再翻转 将三家中国电信公司摘牌
n12676081,美就业市场复苏停滞 12月非农就业减14万人
n12676166,美政府用预付借记卡发放纾困金 本周已开始
n12676696,2021年汽油价格将继续上涨
n12674862,疫情促美国人搬家 纽约和加州湾区人搬哪去
n12678158,专家：美国富人正无奈地等待拜登的首次加税
n12677894,传拜登上任后 北京计划派杨洁篪快速赴美
n12664548,2020年增长最快的20个工作 年薪知多少
n12674863,一个决定 或使美国人退休收入年增近万美元
n12679361,亚马逊、沃尔玛新规：不退货也给退钱
n12680498,遵守川普行政令 华尔街三投行下架在港产品
n12681013,拜登优先少数族裔获重开企业所需资源 引热议
n12681134,投资者不满川普账号被禁？推特股价暴跌12%
n12680926,【名家专栏】谨防大公司成专制的剥削者
n12683350,美对法德飞机零件和葡萄酒征收新一轮关税
n12683590,美边境负责人：拜登开放边界将威胁经济国安
n12685487,Fed祭低率 使投资人涌入风险性资产
n12686114,民主党计划下一轮疫情纾困支票和其它援助
n12686056,美宣布禁止进口新疆所有棉花及番茄产品
n12686925,川普签新令 再强化禁美国人投资涉军方中企
n12687942,美去年12月财政赤字达4兆元 创同期新高
n12688158,美疫情攀高压抑就业 初领失业金人数近百万
n12688269,川普政府将中海油列入出口管制黑名单
n12688403,美商务部将北京天骄列入军事最终用户清单
n12688501,美将9中企列中共军企黑名单 含商飞和小米
n12688273,【财商天下】马斯克对决扎克伯格 挑战数码霸权
n12689059,家居用品零售商Bed Bath & Beyond再关43店
n12690595,川普签备忘录 加强保护美研发不受外国干涉
n12691054,拜登纾困案最低工资规定 或致130万人失业
n12692745,白宫公布川普总统四年执政成绩单
n12694152,商飞上五角大楼黑名单 中共飞机制造扩张受挫
n12696130,拜登公布两大金融业监管机构负责人名单
n12697048,任期最后几周 川普加大力度禁止投资中企
n12699212,美税季开始 2020年领失业金者别漏一表
n12703241,拜登撤美加输油管许可 业界：扼杀一万就业
n12703546,美就业市场复苏冻结 再有90万人失业
n12704083,专家：拜登重入巴黎协议 将会毁灭美国经济
n12705760,美要求搭机入境者须持阴性证明 且隔离检疫
n12706732,新泽西互动在线地图 知悉社区未来规划发展
n12707608,【财商天下】习近平向资本招手 热钱入谁的钱袋
n12706712,疫情下 2020年新泽西州办公楼空置率飙升
n12698437,Costco九种好吃的甜点 售价低于16美元
n12708766,【名家专栏】数据驱动的世界新秩序
n12709301,拜登提名交通部长：有可能上调汽油税
n12710948,拜登将签行政令 加强“买美国货”政策
n12711083,马斯克刷新纪录 一次性送143颗卫星上天
n12711183,拜登政府暂停川普降低美国药价规定生效
n12711995,美参议院确认詹妮特·耶伦为财政部长
n12711930,拜登取消KeystoneXL项目 共和党参众议员反对
n12712348,麦康奈尔：拜登纾困案民主党人也不支持
n12713960,美国东海岸发生大范围断网事故
n12714484,加州官员：超过110亿失业救济金恐遭诈领
n12715712,美民主党议员引入最低时薪15美元法案
n12716234,前谷歌CEO等科技高管促美中科技产业脱钩
n12716720,纽森宣布“霸王条款” 逼房东放弃20%房租？
n12716001,【财商天下】拜登能源新政 三大影响谁受益？
n12717370,前CBP局长：停建边境墙失五千就业 数十亿元
n12717939,专家：美股是典型泡沫 吁投资回归基本面
n12718654,农田用于大型太阳能项目？ 不同意见争议未决
n12718680,ShopRite关闭新泽西23家店内药房
n12718713,吉莉安梦幻码头乐园负债8百万 或将面临拍卖
n12718571,美石油业陷失业潮 克里吁工人转职太阳能
n12718752,1.9万亿纾困案 舒默：共和党不支持也能过关
n12719469,遭疫情暴雨双重打击 全美最繁忙港口遇瓶颈
n12719376,罗宾汉禁售GameStop股票 美两党联合谴责
n12719441,拜登遏制油气生产 德州州长承诺发起挑战
n12721137,疫情下纽新港务局客流量剧减 年损失17亿美元
n12721232,涉非法出口美国功率放大器 中国公民被起诉
n12720876,【名家专栏】股民向华尔街宣战 影响巨大
n12721077,疫情转重 封锁再起 美国经济发展势头放缓
n12721204,【名家专栏】世界金融小丑
n12721720,美证交委评估GameStop股潮 承诺保护散户
n12722137,26共和党参议员求见拜登 促调整能源政策
n12722103,纽约法拉盛新建公寓价格继续涨
n12722922,【财商天下】华尔街生变 小股民狂吞金融大鳄
n12723932,HD Media对谷歌和脸书提反垄断诉讼
n12724027,强制脸书付费 澳财长：扎克伯格未能改变我
n12724339,缩减拜登纾困案 共和党参议员提六千亿法案
n12724321,Reddit散户爆买白银 各大交易网站现短缺
n12724827,福特因安全气囊召回300万辆车将耗资6.1亿美元
n12726241,共和党十人小组见拜登 建议发一千元纾困支票
n12727537,五角大楼资建德州稀土厂 减少对中国依赖
n12728531,分析师：缅甸政变冲击美企投资 或现撤出潮
n12728666,中共病毒疫苗大卖 辉瑞估今年可赚150亿
n12728947,贝佐斯将卸任亚马逊首席执行官
n12729151,两超市宣布关门之际 又一市通过“英雄”涨薪令
n12729378,疫情下南加两大港瘫痪 或波及全美供应链
n12731192,【名家专栏】新版大空头碾压小人物
n12731197,美财长将与金融监管机构商讨GameStop事件
n12731847,Parler首席执行官约翰·马兹宣布遭解职
n12733144,【名家专栏】拜登想扼杀美国80%的能源
n12733601,建4.45万个电动车充电站 PSE&G与新州达成协议
n12732994,访谈：信用卡债务以及如何永久摆脱它
n12733913,拜登叫停美加石油管道的后续影响
n12734635,蒙特贝罗与奥克兰实施“英雄工资”也遭告
n12734993,民主党人促拜登颁令 免除5万美元学贷债务
n12735805,参院批准纾困预算决议 旨强行通过拜登提案
n12733739,新泽西停宵禁令 室内就餐聚会人数放宽至35%
n12735885,美参院口头通过修正案 禁疫期涨联邦最低工资
n12736657,美国1月失业率降至6.3% 新增就业4.9万
n12736893,纽约市应重启堂食？ 民团态度不一
n12736834,曼哈顿地产市场回温 新签合约量涨超一倍
n12737653,Costco的9个鲜为人知的小秘密
n12729410,分析：中共疯狂并购美企 藏有两大目的
n12738944,美国会考虑收紧新一轮纾困支票发放资格
n12740285,继佛州之后 德州将立法阻科技巨头言论审查
n12740893,美纾困案可望3月通过 1400元最快月中入账
n12741045,美最大工会主席批评拜登撤美加输油管许可
n12741462,从灯泡到AI 中共与西方在关键技术上角力
n12742156,美CBO：政府若提高时薪 将致140万人失业
n12743224,若华盛顿州通过财富税 贝佐斯每年将欠20亿
n12743302,美联储扎进气候变化 被疑为拜登政策开后门
n12745208,纽约拟征股票转让税 纽约证交所扬言迁离
n12745359,拜登撤输油管许可重挫经济 14州检长迎战
n12746460,1万人以上大型场馆 23日起允办赛事和娱乐活动
n12747206,美司法部告诉最高法院 奥巴马医保不再违宪
n12746381,比特币矿企Bit Digital纽约遭诉讼 高层换血
n12747160,【名家专栏】87年来首只黄金债券绕过美联储
n12747622,美救济计划引通胀风险？经济学家意见分歧
n12747699,美商界及专家促拜登推数字政策 应对中共威胁
n12749400,美纾困福利与2020年报税的十大重点
n12749762,Nabisco饼干厂夏末永久关闭 6百工人失业
n12749558,拜登撒1.9万亿纾困 专家警吿通胀风险升高
n12750088,加州营商环境转差 迪士尼拟将业务搬至佛州
n12750331,美议员：拜登能源政策将使美国全面衰退
n12751126,报告：拜登15美元最低工资将伤害美国家庭
n12751262,美报税季到 为何你要了解纾困支票正确金额
n12751636,马里兰州通过法案 向大科技公司广告收入征税
n12741872,美房市持续火热 买房最负担得起的十大城市
n12753310,拜登首度出席G7峰会 聚焦疫情及中国等议题
n12753422,买家逢低买进 纽约1月房产签单数达近7年高点
n12754729,美邮政局拟提高邮费 减缓一类邮件投递速度
n12755850,Parler重新上线 CEO：保护言论自由胜过以往
n12756623,德州冬季风暴可能会推高全美汽油价格
n12758007,避开股票交易税 佛州邀请纽约证交所迁址
n12758700,2021年新泽西地税涨1.78% 华人居住城镇地税高
n12759046,中共拟限制稀土出口 美业界：速提产能因应
n12760427,总产值达6.5千亿 新泽西多企业疫情中仍获利丰厚
n12760510,UPS贝永市建配送中心 将带来上千就业机会
n12760759,疫情期间房地产和酒类销售旺 州府收入增加
n12760602,美制裁持续 华为今年智能手机产量将减过半
n12761180,墨菲宣布斥资2.5亿 对卡姆登市运输中心进行大修
n12761693,耶伦：暂维持对华关税 望中方遵守贸易承诺
n12762786,拜登与德州州长通话 承诺提供援助渡过危机
n12763781,7千多小企业永久关闭 洛县经济复苏艰难
n12763770,未摆脱疫情冲击 纽约市销售税一月同比下降约6%
n12764453,车用芯片短缺 台湾证实白宫发函致谢协助解决
n12764506,【财商天下】德州大停电 天灾还是人祸
n12765800,共和党党鞭谈与川普会晤：他很关心国家
n12767933,美禁新疆棉花 中国巨额出口时装链断裂
n12768110,思科调查在华前员工的“自肥”计划
n12768023,一文看懂 为什么德州人收到天价电费账单
n12768646,拜登宣布修改薪资保护计划 帮助小企业
n12770149,美议员推改纾困案 强制联邦最低工资11美元
n12770435,受暴风雪影响 新泽西及全美汽油价格上涨
n12770561,西海岸最大港几十艘货船积压 货物遭滞留
n12770566,美众议院保守派揭拜登纾困案藏了什么
n12772399,美中冷战下 中企在美股融资创十年来新高
n12772722,应对芯片短缺问题 拜登周三将签行政令
n12772731,美FDA分析显示强生疫苗有效 可望速批使用
n12772569,算算看 你是否够格申请1400美元纾困金
n12771126,北京为什么喜欢拜登和巴黎气候协定
n12774985,AT&T被曝游说美政府 解除对中国电信制裁
n12776008,洛县1月房屋成交量年同比增14%
n12776098,参院专家裁定 调涨工资不能纳入疫情纾困案
n12777431,新泽西2022财年预算 养老金创记录注入64亿
n12778024,新泽西大麻合法化正式生效 警署颁新执法准则
n12778349,疫情期间的房市繁荣还能走多远？
n12778400,尚未收到联邦纾困金？报税或是最后机会
n12778499,港口业发展仍强劲 中等技能职位需求高
n12779217,民主党纾困案 美家庭最高可获1万4千美元
n12779436,保守派会议：拜登能源政策危险且破坏经济
n12779369,涉盗窃通用电气高价机密 中国商人被美起诉
n12779740,法官裁决全国逐客暂停令违宪 美司法部提上诉
n12795606,芯片短缺 美国八位州长敦促拜登采取行动
n12781151,防中共窃大学研究 美AI委员会提应对措施
n12785725,雷蒙多任商务部长 克鲁兹：她难对中共强硬
n12786155,独立预算办报告 纽约市经济复苏缓慢而脆弱
n12786166,美参议院批准拜登的首席经济顾问人选
n12788135,封锁与人才流失 经济学家忧加州经济前景
n12789502,支持美国制造！沃尔玛将创75万工作机会
n12789876,SpaceX星船原型机高空试飞 成功落地后爆炸
n12789586,访谈：信用卡应该建立信用 而不是增加债务
n12790443,贺锦丽投下关键票 参院推进1.9万亿纾困法案
n12790515,受2月暴风雪影响 新泽西汽油价格上涨
n12790531,便利店“皇家农场”入驻新泽西
n12790036,消息：向中芯国际供货 美审批进展缓慢
n12790712,亚马逊将在新泽西5城镇建立新配送站
n12790790,拜登纾困案扩大奥巴马医保补贴 让富裕者受惠
n12792201,NBA拟返央视 美议员批其自私 提三问题
n12790823,强生疫苗生产面临问题 默克公司将协助生产
n12792357,监测机构：风暴期间德州电网运营商超收160亿
n12792755,富时罗素剔除小米和箩筐技术 放弃纳入中微
n12792951,芯片短缺冲击全球 专家：最大赢家仍是美国
n12792958,美国新增三十七万九就业岗位 经济前景乐观
n12793228,月损失41亿 加州旅游业呼吁重开
n12794371,金沙集团押注亚洲 澳门赌牌或成中共筹码
n12794498,拜登：1400美元纾困支票本月开始发放
n12794587,参议院两党交锋 共和党仅守住3项纾困修正案
n12792429,获营养师认可 Costco最好的九种健康食品
n12795428,汽车品牌排名 克莱斯勒、别克名列前十
n12795667,Stellantis NV工人今年分红均值8010美金
n12797883,中海油纽约退市 预计更多中企面临摘牌命运
n12798114,第三轮救援计划 看看你从政府中得到多少钱
n12798462,富士康未建威州面板厂违约案 原告撤诉
n12798689,疫情持续重挫销量 传Gap考虑出售中国业务
n12800324,美油价上涨 专家：拜登政策或加剧涨价
n12802470,研究：礼来公司联合疗法降低染疫重症和死亡
n12802720,新泽西将暂停令延至6月 客户未缴费也不可断水电
n12803698,迪士尼乐园或4月下旬重开 只接待州内游客
n12804775,脸书放弃兴建加州和香港之间海底光缆计划
n12805314,SpaceX再次成功发射星链卫星 今年第七次
n12805915,洛县将脱离紫级防疫 重启开放更多商家
n12806046,加州周五或放宽红色县标准
n12807933,美1.9万亿美元疫情救助法案 各州所得一览
n12808488,内陆帝国去年住房拥有率创11年新高
n12808501,加州13县达红色级 还有13县接近升级
n12808674,曼哈顿地产业见转变 经济专家希望年底复苏
n12809151,【名家专栏】央行数字货币的多重危险
n12809426,1.9万亿纾困法案向美国人提供的七项福利
n12809744,佩洛西推动基建一揽子计划“宏大、大胆”
n12809970,美金沙集团加大投资澳门 面临经济政治风险
n12810600,报告：美经济有望跑赢中国 重新引领世界增长
n12811059,比特币再创新高 首次突破61000美元
n12812864,纾困支票、报税和期限 您需要了解的几件事
n12814918,美国纾困政策隐忧 30亿美元资金涌入股市
n12814847,美最大工会吁拜登政府禁止进口新疆太阳能产品
n12815640,谷歌地图新增三功能 用户可更新资讯
n12815856,川普“极速行动”创疫苗奇迹 拜登被指摘桃子
n12816115,拜登上任2个月油价飙涨$1 川普：比加税还可怕
n12816894,德州为首 告谷歌垄断 美再有5州及地区加入
n12818491,美联储维持基准利率 将如何影响你的钱包
n12818670,美21州起诉拜登政府 指无权撤输油管许可
n12820089,【名家专栏】政府直接发钱的危险性
n12818487,加州迪士尼乐园宣布：4月30日重开
n12822786,NASA返月重要里程碑：成功测试最强大火箭
n12823162,加州服务行业仍裁员 失业人数继续增加
n12823593,谷歌拟在纽约等地投资
n12823753,纽约州个人所得税申报 延长至5月17日截止
n12823744,前两笔纾困金是否已到账？未确定就报税恐吃亏
n12823849,AMC宣布22日前开放加州52间影院
n12811324,疫情期间 价格上涨最快的15种食品和饮料
n12829391,美报告：43.8亿美元纾困金将流向非法移民
n12831328,美国人自驾游开始前 油价冲向每加仑三美元
n12831737,美媒：希捷疑违反禁令 向华为销售芯片被调查
n12833379,美SEC新规：不守审计规定的中企将被除牌
n12833546,拜登政府审查石油和天然气租赁前 十四州提告
n12834375,房地产经纪人蔚威廉：房市走向及趋势
n12835234,【新闻大家谈】美股市震撼弹 中共鬼影现形
n12836375,美初领失业金人数降至68.4万 为疫情以来最低
n12836201,H&M等被抵制 投资大亨：停止与中共做生意
n12836671,新泽西失业超200万 一些公司将开始夏季招聘
n12838648,瘟疫大流行 美红州领先恢复经济和就业
n12838908,对抗中共 美加强实施信息技术安全许可证规则
n12839227,250名企业精英致信纽约州长：苛税会逼走企业
n12839446,南加地区2月房价比去年增长近15%
n12839680,一个负债的国家还是一个强大的国家
n12841304,美贸易代表：尚未准备取消中国商品关税
n12844466,加州主题乐园将重开 防疫规定带来何变化？
n12844769,全美汽油持续涨价 省钱依然有方法
n12844799,瘟疫改变了二手车销售的途径
n12844607,共和党反对拜登基础设施方案含“绿色新政”
n12846157,价格贵无妨 美国人希望政府购买美制产品
n12846731,中美关系紧张 专家：特斯拉应尽早离开中国
n12846802,中概股暴跌拖累大行 对冲基金前景堪忧
n12846910,美国房价创2014年以来最大涨幅
n12846557,【财商天下】中概股血流成河 美国真动手了？
n12847297,西方投资者对在华外企施压：应注重中国人权
n12849002,辉瑞：12至15岁少年安全接种疫苗 100%有效
n12852058,耐克寻求人血“撒旦鞋”限制令 获法官批准
n12852822,美国三月份ISM制造业景气创37年高峰
n12852911,州长签署小企业救济法案 提供2500万元援助
n12852964,拜登政府将帮助新泽西扩大风能开发
n12853043,德州参院通过法案 社媒不得审查用户政治观点
n12854482,各州继续开放 美三月份增加91.6万工作
n12855162,格芯CEO：全球芯片荒将持续到明年
n12855628,纽约酒店业复苏？业界：得看未来订房率
n12842047,2021年在Costco买食品 营养学家推荐啥
n12858220,组图：疫情下复活节 花帽争艳纽约五大道
n12860415,分析：若美中爆冲突 美遭遇芯片荒可能性低
n12862429,美国就业机会创两年新高 提振劳动力市场
n12862714,加州计划最早于6月15日全面重开
n12864407,在位四年 川普资产净值缩水超十亿美元
n12865173,亿万富翁：比特币是中共金融武器 威胁美元
n12865627,美投资机构批量购房谋利
n12866167,拜登商务部长：川普钢铝税拯救了美国就业
n12867255,美祭新禁令 中国超级计算机七实体上黑名单
n12867070,【财商天下】超规模经济刺激 拜登抢中共的路？
n12868194,连锁店“皇家农场”将在新泽西招聘4500名新员工
n12868348,纽约州“富人税”提案可能通过 华尔街部分金融家准备迁离
n12870821,11日起 纽约市多座桥梁隧道收费正式涨价
n12870870,旅游旺季来临 优胜美地今夏入园要求预约
n12870810,纽约州预算含租金补助 政府可补贴最多12个月欠租
n12870831,报告：去年纽约人口流失 多来自曼哈顿富人区
n12871486,IRS计划返还失业金税款 哪些人能拿到？
n12844640,病毒大流行期间养成的五个习惯值得保留
n12858356,不需多花钱 11种商品你可在一元店购买
n12875726,全球芯片供应短缺 拜登会晤一众企业高管
n12877164,强生疫苗或引发严重血栓 FDA吁暂停接种
n12877597,【财商天下】面对两大挑战 港元危机？
n12880701,美国通胀普遍升温 纳指回挫约1%
n12880677,有观众室内活动周四起开放 对教堂更宽松
n12882115,假病毒健康证泛滥 全球航空业面临新挑战
n12882414,第七名血栓女患浮出水面 强生疫苗继续暂停
n12882865,新书揭密巨骗马多夫：他鄙视那些受害者
n12883343,中共病毒疫情下 新泽西农民改变营销策略
n12884717,中共将贸易武器化 博明提建“经济北约”对抗
n12883419,欠租率全美最高 新泽西面临严重租客驱逐危机
n12885731,英雄涨薪令引发关店 各方大战
n12922927,逾4亿疫情救济贷款或流入与中共有关美企
n12923439,组图：美国经济复苏 第一季GDP为6.4%
n12924344,复苏内需强劲 美3月贸易逆差再攀新高
n12924486,缩减中国生产 iRobot与香港建溢集团解约
n12924684,耶伦：为防经济过热 或不得不提高利率
n12924765,美商务部长：尖端芯片美国应自产三成
n12924818,人们开始旅游 LAX客流较去年大幅增长
n12926412,中共窃知识产权 美议员提案撤销其出口特权
n12928797,美就业复苏续好转 首领失业金人数减至49.8万
n12929211,德国反对美国放弃疫苗专利权 疫苗股反弹
n12929797,培养新农民 罗格斯大学开设初级农业培训课程
n12929688,美失业救济创疫后新低 道指涨318点续创高
n12930298,洛城缺司机 亚裔开优步每日500美元入袋
n12931218,美复苏强劲 职缺激增 四月就业增长低预期
n12931180,IBM研发出二纳米芯片 手机有望四天一充电
n12931720,上诉失败 纽交所将下架中国三大电信公司
n12931582,长征火箭或砸中飞机 北美空防司令部紧盯落点
n12931836,美议员促雇FBI特工 查中共在美大学间谍活动
n12931997,加州油价涨又涨 58县中38个超过4美元
n12932222,《首席执行官》商业排名 德州夺冠加州垫底
n12932235,参院提法案促研发 设“首席制造官”对抗中共
n12932611,美今年近半新开门店为“一元店”
n12933599,促工人返岗 好市多和沃尔玛带头涨薪发奖金
n12934057,GM 和Stellantis公司Q1业绩仍强劲 
n12925052,疫情期间订购外卖送餐 不要选这12种食物
n12920113,疫情下求职 最好和最差的十个入门级工作
n12935095,麦卡锡：基建计划为低收入族群带来“通胀税”
n12935847,通用CEO巴拉最高   酬薪达2360万美元
n12935939,【货币市场】美就业数据疲软 美元贬值
n12935931,拜登为何支持放弃疫苗专利 外媒曝内情
n12935852,美房市持续火爆 买家冒险加入竞购大战
n12937357,美最大燃油管道遭骇 对油价和物流有何影响
n12937425,美国防部审查JEDI云项目 或与微软解约
n12937460,美最大燃油管道遭网攻 议员吁加强能源安全
n12937184,贝佐斯花5亿美元打造豪华游艇 史上最大帆船之一
n12937582,拜登警告：若拒绝工作 将无法获失业救济金
n12939480,6年100家 苹果悄声收购小公司揽人才
n12939496,美最大燃油管道遭骇 油价创新高逼近3美元
n12940256,中共加大排挤在华外企 中美商会发报告批评
n12940189,美劳工部：职缺飙升至810万 历史最高纪录
n12940649,调查：苹果七家中国供应商疑涉新疆奴工产品
n12940860,美最大燃油管中断 东部汽油短缺加剧油价上涨
n12940994,救济金高于工资 南卡州长：通往社会主义之路
n12942798,美最大燃料管道遭骇关闭 相关问题一文看懂
n12942697,福利优渥阻碍就业 美两州停发联邦失业金
n12943076,美通胀率涨至13年高点 美联储：有望明年消退
n12942206,组图：美国油管遭骇后供应短缺 涌加油车潮
n12944013,专家警告明年通膨率或升至3-4% 家庭主妇最有感
n12943809,关税导致美国减少中国商品进口 越南获益
n12945025,美信用卡欠款额持续下跌 发卡机构出招应对
n12946311,美首领失业金人数创新低 至47.3万
n12946585,马斯克：特斯拉停止接受比特币付款买车
n12946900,亚马逊宣布增聘7.5万员工 麦当劳涨薪抢才
n12947584,新泽西燃油管道遭网络攻击 汽油价格飙升
n12947266,传美最大燃油管道公司向黑客支付500万赎金
n12947612,新泽西小企业和非营利组织再获援助2.35亿美元
n12948049,全美餐饮业招工难 政府失业补助惹祸？
n12948543,美贸易代表：需新法律工具 对抗中共威胁
n12948988,乔州宣布经济复苏计划 6月停发联邦失业金
n12949379,从太空到地球 NASA展示激光传输有多快
n12950370,湾区办公室空置 科技公司房东认赔 转租送补贴
n12950665,分析：特斯拉在中国的状况或比预想还惨
n12950764,双港货运量激增 洛杉矶和长滩四月均创新高
n12950787,美输油管遇袭七天后 黑客组织DarkSide解散
n12951180,加州所有都会区过去一年房价大涨
n12951172,新疆产太阳能板涉强迫劳动 拜登政府考虑制裁
n12951451,纽约市近郊 印地安角核电厂永久关闭
n12951524,曼哈顿地产市场重新活跃 中位价依旧
n12952361,疫情期间 北美航空公司乘客满意度大幅升高
n12947456,从二手车、住宿到餐饮 美物价涨势料将持续
n12935732,色彩影响车价和保值 哪种颜色的汽车最贵
n12955693,投资热度下降 美IPO市场或现转折点
n12955803,美国个人报税截止 提交延期应注意什么？
n12955979,美儿童税抵免按人每月最高300元 七月中发放
n12956038,参议员约翰逊：绿色新政使美电网更易被攻击
n12956202,美欧停钢铁关税战 指中国产能过剩扭曲市场
n12956341,AT&T宣布华纳媒体将与Discovery进行合并
n12956889,美国疫情趋缓 上周死亡数创14个月来新低
n12957255,霍士新闻：拜登在经济上越来越像1970年代卡特
n12958503,中企2.14万亿债券到期 外国投资人为何恐慌？
n12958733,美输油管遭袭击 19州吁拜登恢复Keystone XL
n12958914,美中角力 拜登拟斥巨资支持电动车产业
n12959081,纽约制造业成本达历史新高 对通胀担忧加剧
n12958967,康州鼓励就业 推出一千美元就职奖金
n12959059,助企业招工 众院领袖吁全美州长停发失业金
n12959085,拜登访福特电动车厂 先睹新电动皮卡车F-150
n12959350,加州4月独立屋中价破80万 售出天数创纪录
n12954362,中共严管加密货币内情（三）取代美元的野心
n12960792,亚马逊将在新泽西开设第一家Amazon Fresh超市
n12960808,芝加哥海关检获六十八万来自中国的美元假钞
n12960852,违反新疆棉禁令 优衣库衬衫在美海关被扣
n12960961,美中科技战 参院民主党提案强化芯片生产研发
n12961220,州长墨菲签新法 新泽西居民在当地购物可减地税
n12961410,马斯克推了啥 比特币数小时后重返4万大关
n12961111,反制中共 美议员吁加强《无尽边疆法案》
n12961457,美中直接投资跌至过去12年来最低水平
n12963542,美首领失业金人数创新低 22州停发救济金
n12963736,苹果更新无障碍功能 用眼睛可控制iPad
n12964058,美财政部：超一万美元加密货币交易需上报
n12964392,橙县正式进入黄级
n12964311,德州佛州餐馆满座 就餐人数超过疫情之前
n12966608,消费大增房市火热 新泽西州财政收入超预期
n12966529,美议员致信库克 指苹果“近乎完全屈服”北京
n12964308,外国人投资美国房地产 曼哈顿不再是首选地
n12966302,【财商天下】美中芯片之争 三星会选谁？
n12967257,布碌崙地产市场热络 销售中位价全面提升
n12968767,美国工资增长近年来最快 企业利润或受冲击
n12961331,Costco不再出售的六种食品 四种让客户怀念
n12956873,美国最富裕的十个州 马里兰居首 纽约未上榜
n12970528,拜登百亿美元房贷基金上路 谁有资格获援助
n12971991,吸引新一代顾客 美大型超市纷纷提升自有品牌形象
n12972608,美逾百地方政府购买受制裁中企的监控系统
n12973007,美国成屋持续紧俏 房价一年飙升两成创新高
n12973195,美国经济渐近“回归正常”惟复苏之路仍漫长
n12973504,加州全面重开后 主题公园可恢复满负荷运营
n12975095,亚马逊公平定价政策涉操纵价格 被起诉
n12974822,美第23州 佛罗里达州终止三百美元失业金
n12975410,美国三月房价涨幅为七年来最大
n12976122,哪道中餐洛城人最爱？ 亚太裔传统月商家如是说
n12977135,工厂招工难 或造成万亿美元经济损失
n12977186,拜登拟自盟国进口电动车金属 恐冲击美国矿业
n12977314,美联航：国内旅游机票金额超疫情前水平
n12977468,美油价涨至七年新高 无碍民众长周末出游
n12977844,亚马逊创办人贝佐斯确定7月5日卸任CEO
n12977776,亚马逊收购米高梅 将007、《洛奇》纳入囊中
n12978598,居民呼吁伯班克市政官员 尽快解决餐馆问题
n12979741,美“口袋房源”交易增 加剧房市供应短缺
n12979783,英伟达芯片季度营收增84% 创历史新高
n12980627,新泽西7成雇主考虑 疫情结束后维持远程工作
n12980792,加州22县油价超4.2美元 AAA提醒假日出行须知
n12981185,全美失业救济金申请人数下降 加州反增
n12982221,【直播预告】拜登宣布6兆美元创纪录计划
n12982334,组图：飓风季前免税期 佛州鼓励居民买防灾物
n12982734,李克强要降价 高盛：中共不主导大宗商品价格
n12983389,受通胀影响 Costco部分商品价格上涨
n12983659,15州财长警告去碳政策 绿能业采矿需求惊人
n12983919,美4月核心PCE同比涨3.1% 近29年最大涨幅
n12983979,美阵亡将士纪念日 周末票房料破1亿美元
n12983894,三月皇后区独立屋、公寓中位价大幅超往年
n12983146,下月起 Costco将恢复店内两项受欢迎服务
n12984683,美国超市面积大商品多 最好的十家是哪些
n12986474,失业税减免前已报税？美国税局宣布自动退税
n12986542,美房贷再融资热潮结束了吗？现在应考虑什么
n12989279,经合组织上调今年全球增长：美加或增逾6%
n12989448,经合组织：美经济正以近四十年来最快速度增长
n12991441,全球最大肉厂遭网络攻击 澳洲分厂关门
n12991585,马斯克：特斯拉车将涨价 因原料价格飞涨
n12992117,美国商会警告：劳动力短缺恶化 酿全国性危机
n12992442,虚拟取代不了实体 疫情下开放赏房仍受欢迎
n12992542,白宫：肉品加工龙头JBS疑遭俄国黑客攻击
n12993683,亚马逊宣布Prime Day日期 会员可提前行动
n12993907,特斯拉欲进军餐饮业 已申请新商标专利权
n12993777,分析：华尔街投进北京怀抱的风险
n12994038,全球最大肉厂遭骇停产 对中国肉价有何影响
n12994794,25州退出联邦补助 370万美国人提前失救济
n12994467,【探索时分】中美若爆发核战 什么后果？
n12996328,美对冲基金大亨：德州中资风电厂威胁国安
n12996213,吸引顾客 美“一元店”不畏批评售卖生鲜食品
n12996286,麦当劳试用“得来速”自动语音点餐系统
n12996559,美疫情爆发后 上周领失业金人数首跌破40万
n12996766,关注火星后 NASA开始盯上最亮那颗星
n12996934,消息：特斯拉在中国的汽车订单5月减半
n12997605,美农业部：黑客攻击JBS不会中断肉类供应
n12997828,为通过基建计划 拜登提议最低企业税降至15%
n12999367,美五月就业增近56万人 失业率创疫情后新低
n12999187,美国人工短缺 餐馆和超市推迟开新店
n13000578,房东团体要求最高法院取消禁逐令
n13000584,曼哈顿中城与金融区办公室无返工潮 华埠待人潮
n13001193,2020年美企高管薪资报酬 最终拿到多少和绩效挂钩
n13001875,如何在通货膨胀中守住钱袋子 美专家支招
n12997582,可网购冷冻食品 Costco今年发生的9个变化
n12999661,十个最抢手的AI工作 年薪9.5万美元以上
n13005132,招工难 美餐旅业吸引青少年补空缺
n13005574,耶伦：通胀推高利率对美国有利
n13005739,美最大输油管遭骇一个月后 司法部追回多半赎金
n13005772,【探索时分】盘点美军特种部队 哪个来台湾？
n13007725,“迷因股”持续高涨 AMC高管纷售股套现
n13007965,追击中共 拜登将成立供应链贸易突击工作组
n13007680,美35%民众：“购房好时机”比例创历史新低
n13008253,企业争夺人才 美职缺激增至创纪录928万个
n13009007,加州极度干旱波及农作物减产 农民损失重
n13009521,组图：加州持续干旱 牧场增建引水设施
n13010844,新泽西及全美大多数小企业持续苦于雇人难
n13010866,PSEG电力公司关闭最后一个燃煤发电厂
n13010530,拜登一通电话停止与共和党人基础设施谈判
n13010851,美疫情趋缓后食客强势回归 龙虾价格上涨
n13011675,TC能源公司正式放弃美加输油管道项目
n13012297,拜登上任以来 美中商务部长首次通话
n13011009,【探索时分】2022国防预算 美军都要买啥?
n13013177,美台讨论贸易投资议题 拟未来几周内会晤
n13013247,美5月消费物价指数跃升5% 13年来最大跳涨
n13012997,“加速史上最快”特斯拉推出Model S Plaid
n13013724,物价上涨 美国五大类商品价格变化一览
n13014118,大华府老房子卖价更高
n13014157,华府二手车价格升高近20%
n13014168,美国豪宅销量飙升 疫前滞销大房快速售出
n13015472,Costco今夏将新开七家分店 美国新店有优惠
n13015534,股市和房价上涨推动 美首季家庭财富创新高
n13015563,推动电动车项目 苹果聘用宝马前高管
n13015310,组图：海洋奥德赛号游轮抵达佛州劳德代尔堡
n13016754,通胀居高不下是暂时？美5月CPI 再创新高
n13017011,纽约史坦顿岛地产市场疫情中未见动荡
n13016966,新州税收创新高 盈余101亿元
n13017078,您可以做些什么来对抗通胀？
n13017668,摩根大通：明年亚马逊有望成美最大零售商
n13017676,美联航：旅行需求回升 雇员不须休无薪假
n13018078,美国国家公园游客激增 5月创纪录
n13013970,在Costco购物实惠多 但不要犯七个错误
n12978436,美国人均收入增长最快的10个州
n13019732,七国集团采取行动对抗中共 拜登：我很满意
n13020807,马斯克：若挖矿更环保 会开放比特币购车
n13021355,【微视频】美国通膨创新高 主流媒体都抗议
n13022038,疫情缓和后物价上涨 美国人对通胀担忧加剧
n13022372,美餐馆纷推奖励制揽回头客
n13022696,一房源75个报价 加州房市火爆还会持续多久？
n13021908,【探索时分】购美国最强巡洋舰？对台有何好处
n13023516,美欧解决17年飞机战 可专注应对中共议题
n13023757,拜登提高企业税至28% 如何影响你的水电费
n13024612,美五月PPI创纪录上涨 零售销售下降超预期
n13024858,美4月单户型房租涨5.3% 创近15年最大涨幅
n13024889,美5月零售销售下跌1.3% 消费支出转向服务
n13026947,耶伦：美将在某些领域与中国脱钩 确保国家安全
n13027115,美联储维持利率不变 但大幅提高通胀预期
n13027442,金融专家预测美国经济未来将面临挑战
n13028814,G7敲定最低企业税 耶伦：不同意中国豁免
n13029064,美国专家：警告过苹果公司 如今恶梦成真
n13029627,申请失业救济人数意外增加 主要在加州和宾州
n13030246,汽车城的感伤   中共病毒大流行改变了车展 
n13029979,忧通胀走势 美经济学家：未来一两个月很关键
n13030678,美对俄石油依赖度升至新高 引专家担忧
n13031290,美力推晶片在地制造 参议院拟供25%减税
n13031490,惠特默宣布提前解封 密歇根州全面开放
n13031617,新泽西拟建海上风电厂 上万居民签名反对
n13031485,结束疫情福利 美多州收紧联邦食品援助计划
n13031734,加拿大延长美国COVID-19旅行限制 至7月21日
n13032121,继续不断吸钱的加州高铁项目
n13032216,就业不积极 加州将停发部分失业金
n13032417,六月节仍非纽约市带薪假日
n13032405,纽约州五月份失业率降至7.8%
n13032517,曼哈顿地产市场疫情中不同社区影响各异
n13033347,字节跳动公布2020年财况 经营亏损22.8亿美元
n13033618,美房租创两年来新高 都市公寓涨幅显着
n13033920,通货膨胀将如何影响你的钱袋 你能做些什么
n13032048,在亚马逊购物方便齐全 但要避免八个错误
n13035152,美议员提案每周发180美元 激励失业者就业
n13035412,调查：美经济料永远不会回到“正常”状态
n13035341,解封后父亲节 万人涌入环球影城
n13036916,美国旅游业反弹  Airbnb与Vrbo争夺度假屋市场
n13037440,美商务部正式将TikTok和微信移除黑名单
n13037739,供应链混乱或影响你在亚马逊Prime Day购物
n13042166,巴菲特捐41亿 辞去盖茨基金会受托人职务
n13043851,连续10个月攀升 南加中位房价接近67万
n13044960,白宫与参院小组达共识 基建计划缩水一万亿
n13045381,州府盈余上百亿 新泽西居民或退税500美元
n13046028,房市狂热 “地狱般丑房”60万还哄抢
n13047653,美国和台湾下周将举行贸易会谈
n13046132,领失业金拒工作 新泽西企业面临用工荒
n13049224,“星链”能为香港人提供网络自由吗？
n13048486,怪现象：数十款二手车售价高出新车原始标价
n13037627,在Costco购物 值得多买的6种食品和日用品
n13050578,【疫情6.27】纽约重症者首次降至百人以下
n13051022,经济快速恢复美联储转鹰 冲击中国经济
n13051159,软件更新 特斯拉在中国召回近30万辆电动车
n13051240,新研究：疫情造成美国人平均减寿一年
n13053586,通胀影响 九大食品和日用品品牌拟涨价
n13054242,专家：美联储低估通胀 或引发另一场衰退
n13054616,美大型快餐店堂食恢复缓慢
n13054370,联邦和州政府诉脸书垄断案 美国法院驳回
n13056591,美国房价创下历史新高
n13056513,蔡英文：台美贸易会谈将讨论放宽疫苗进出口
n13056864,劳动力短缺和通货膨胀困扰加州企业
n13057593,美多州停发联邦失业金 劳动力市场加速复苏
n13058589,TIFA会谈降级？邓振中：无位阶下降问题
n13058866,亚马逊要求联邦贸委会负责人退出反垄断调查
n13059009,美5月售房升至2005年来最高水平 势头强劲
n13059244,美亚房产协会年度报告：南部州居住更受欢迎
n13063447,美6月就业骤增85万 二季GDP年增或近10%
n13062264,【名家专栏】自2019年 美西地区房价上涨19%
n13064443,专家：疫情下 加州房地产市场未来走势
n13064657,皇后区低端价位单家庭屋 售价大涨
n13064455,报告：纽约市酒店业处于“萧条期”  收益减六成
n13064666,纽约地产中介：大陆、台湾买家开始回流
n13064495,退税支票夹带竞选口号 新州州长被批评
n13065401,从失业中恢复最快和最慢的十个美国城市
n13064204,从现在到年底 为何服饰品牌很少促销衣服？
n13065490,二手车售价高过原始新车出厂价的16款车
n13065316,供不应求 美国服装业打折活动大减 　
n13065576,美国哪些州和城市刚刚提高了最低工资
n13064123,Costco美食广场重开 营养师点评五种受欢迎餐点
n13069333,拜登撤输油管道 加拿大公司要美国赔150亿
n13070057,投资策略师：持有中国科技股“风险太大”
n13070262,正值假期旅行旺季 新泽西油价再次上涨
n13072202,应对食品价格将高涨 超市开始大量囤货
n13072144,五角大楼取消与微软有争议的JEDI云合同
n13072320,美国疫情缓解 Costco月底取消老人购物时段
n13072818,迪士尼提供南加居民特价套票 3天249美元
n13074219,滴滴赴美上市陷灾难 卢比奥谈投资中企风险
n13074532,滴滴惊魂 美名嘴：“再买中概股 你就是白痴”
n13074735,史无前例 美房价持续飙涨 连三个月创纪录
n13075213,消息：中共将收紧监管 阻中企境外IPO
n13076495,中美航运成本飙升229% 推动通胀压力
n13076668,拜登下令后 美主要指数宣布剔除更多中企股
n13077202,拜登政府叫停油气开采租赁 北达科他州起诉
n13078843,美6月份长期失业人数大增近25万
n13079096,拜登将签行政令 打击大科技公司反竞争行为
n13078881,富国银行将终止一款信贷额度产品 引发不满
n13078961,科技战 前谷歌CEO：美需联手日韩抗共
n13079539,76 万家庭将收到最高500美元退税支票
n13079561,面对物价上涨 美五口之家如何应付日常开销
n13080072,新泽西疫情降温房市升温 房屋上市即有买家
n13080037,布朗士单家庭多家庭中位价普遍推高
n13079873,法数据公司斥资四千万 在纽约成立美国总部
n13079608,打破大企业垄断行为 拜登政令含五关键要素
n13080238,加州采购经理们预期第三季度制造业蓬勃发展
n13079366,专栏作家：投资中企风险难测 华尔街终觉醒
n13080713,G20财长会支持减税协议 警告病毒变种
n13080907,为何美国汽车价格高涨 对你有何影响
n13081071,疫情下新泽西港口创记录增长 南港将成风电中心
n13081021,滴滴赴美上市更多内幕 中共跨部门管理混乱
n13081320,打压滴滴或让中国未来八年损失高达45万亿
n13051554,病毒大流行 给餐厅和就餐带来九种变化
n13083312,中共持续打压科企 日媒：将加速美中脱钩
n13084068,传字节跳动被北京约谈 无限期搁置赴美IPO
n13084461,华为控告Verizon两项专利诉讼案 周一达和解
n13084430,高通胀时如何投资 巴菲特等人这么说
n13084296,美国物价飙升 消费者担忧 通胀预期创新高
n13084500,白宫：州和地方政府可用疫情救济金打击犯罪
n13084743,新房数量增 贷款利率降 美购房者或迎来转机
n13085369,波音787梦幻客机又现瑕疵 美FAA暂禁交机
n13086126,美商务部长忧高龄化重击经济
n13086449,美物价再飙升 带动通胀率现13年最快涨速
n13086587,今夏美家庭纷纷出门度假 这七个地方最实惠
n13086604,卢比奥谈滴滴等掠夺性中企 利用美投资人
n13087370,中共打压科企 高盛：将推迟大批中企赴美上市
n13088896,谁更依赖谁 美中完全脱钩哪方损失更大
n13090989,投资专家：美国应禁止中共的数字货币
n13091059,强生召回Aveeno和露得清防晒喷雾 含致癌物
n13091188,美扩大版儿童税收抵免上路 你需要知道什么
n13091433,专家：美国人可起诉中共瞒疫 获赔数万亿
n13091955,美失业金申请数量降到去年三月来最低点
n13092033,亚马逊销售危险产品 美国安全监管机构起诉
n13093711,美二季经济增长好兆头 6月零售销售意外上扬
n13094624,南加油价续涨 但进口油促涨幅趋缓
n13094857,习惯在家工作 新创科技业正在翻转办公室生态
n13095786,拥有10万英里以上里程的旧车 成了抢手货
n13096051,和戴琪不同调？耶伦称对华关税伤害消费者
n13084978,分析：特斯拉在中国挣扎 是对所有外企警告
n13089640,在Costco买这8种东西 很快赚回会员费
n13097128,贝佐斯速成训练 20日搭无人驾驶舱登太空
n13097246,美基础建设法案 排除国税局加强追税条款
n13097791,COVID-19疫情后 哪五种商品价格便宜了
n13098187,华尔街顶级高管：通胀或比预测的更严重
n13099303,美警告香港美商 在港美商会要求中共保障自由
n13100281,美国购房热出现降温 专家预测房市走势
n13101853,【更新】世界首富贝佐斯成功开启太空之旅
n13103965,科技巨头克星坎特获提名 掌司法部反垄断部门
n13104805,美国延长加、墨边境旅行限制至8月21日
n13104588,芯片短缺缓解 美商务部长：供给渐增加
n13107586,传中共将对滴滴下狠招 罚款额或超阿里
n13107731,逃离加州高税率 好莱坞影业迁往新墨西哥州
n13108138,新泽西失业者获补贴 或有资格得近乎免费医保
n13108314,洛杉矶两餐馆暂时关闭以应对COVID-19病例激增
n13108480,美国物价正以最快速度上升 这将如何应对？
n13107284,新闻分析：国际货币基金组织大洗牌令人忧
n13110548,中概股暴跌 教育股新东方好未来开盘跌近60%
n13110505,美法院裁定CDC暂停驱逐租客令越权
n13111784,经济学家预测：加州房地产市场未来3年前景
n13112239,Costco在美国三州新开张三门店
n13112349,中共公布双减政策 美名嘴：党扼杀教育股
n13112430,干旱、洪水和霜冻 冲击全球食品供应链
n13112982,面临通货膨胀 这些公司正在提高其产品价格
n13108114,八大实惠因素 促使很多家庭成为Costco会员
n13113755,【疫情7.25】英格兰解封后周病例降42%
n13082716,美国买房最贵的50个城市 大多数在加州
n13115322,中企大肆采购美农地 美议员拟立法禁止
n13116379,北京酝酿对滴滴前所未有制裁 殃及美投资人
n13116802,白宫：美国暂保持COVID-19国际旅行限制
n13117397,中概股在美遇2008年来最惨跌幅 两日达15%
n13117544,国际买家退出美国房市 中国人正卷土重来
n13119418,通胀影响 洛克希德拟首次调涨F-35A价格
n13119635,塔吉特将在新泽西雇4千人 签约奖金2千元
n13119531,美2州被迫恢复300美元失业救济金
n13119629,6月新房销售量意外大跌 美房市现降温迹象
n13120129,报告：洛杉矶橙县科技人才增幅北美最大
n13120328,吸引客户 时尚品牌推非月订租衣业务
n13120155,涨薪被通胀抵消 美国工人形同减薪2%
n13122271,反垄断诉讼被驳回 美48州继续告脸书
n13122631,美联储维持基准利率不变 料经济继续走强
n13122918,美第二季GDP增长料强劲 供应及劳工拖后腿
n13125040,全球食品巨头进一步提价 以应对成本增加
n13125075,滴滴否认私有化传闻 股市盘前涨幅收窄至10%
n13125099,美第二季GDP年增率6.5% 消费需求旺盛
n13125213,美媒：中共给华尔街上了一课 党的控制高于一切
n13125039,东京奥运金牌价值几许？各国行情不同
n13125342,麦当劳称缺工缓解 停发联邦援助州改善最大
n13125597,分析师：Costco明年将会员费提高8.3%
n13126894,美议员吁美台加强供应链合作 解决晶片短缺
n13127725,美证管会暂停处理中企首次公开募股
n13127772,美关键通胀指标同比增3.5% 创30年新高
n13128198,折扣商OSJL新泽西再扩张 普林斯顿开新店
n13128227,美证交会：中企IPO须提供额外风险披露信息
n13128887,【珍言真语】杰森：中港股暴跌因中共操控
n13129756,疫情下大学毕业生找工作 专家介绍4大技巧
n13130059,美国投资者在思考 中国公司还值得冒险投资吗
n13130222,从学习用品到耐克鞋 七类商品有买不到风险
n13131204,美证管会暂停中企IPO 北京寻求与美沟通
n13134488,美名嘴反对再买中概股 斥中共想诱更多人上当
n13136870,让猪转身新法明年实施 加州人或需少吃培根
n13136052,【财商天下】中共推高钢价 趁火打劫？
n13142133,进口激增 美国6月贸易逆差创新高
n13142359,新泽西住房市场趋稳 仓储市场繁荣
n13142580,分析：中共对私营科企的打压才刚刚开始
n13142181,供应链风险增加促美企考虑撤离中国
n13144178,美国7月非农业就业增加94.3万人 高于预期
n13144432,全美油价涨至七年来新高
n13144517,美三十多个团体吁拜登重启对华贸易谈判
n13144576,美研究员吁拜登政府拒绝华为游说努力
n13144884,旱情加剧 加州或切断数千农民主要水源供应
n13146374,美国7月招聘人数超过求职人数100万
n13146499,前白宫经济顾问：习不惜一切代价维持统治
n13069715,退休理财5阶段 从20到60岁如何积累财富
n13142391,除杂货外 Costco还出售8种意想不到的东西
n13149423,美国参院投票终止对基建法案的辩论
n13150433,阻止新疆奴工产品 美将祭出更严厉措施
n13150700,科普VIE：中国公司多年来赴美上市的风险漏洞
n13150727,逾28兆美债到期 两党秋季将激辩债务问题
n13150890,违规向中俄出口软件 美雷达公司被罚660万
n13151179,美职位空缺创新高 6月首度激增至1010万个
n13151070,美联储调查：消费者通胀预期升至8年新高
n13151368,浑水公司创始人：投资者未正视中国市场风险
n13150897,【探索时分】台湾购买M109A6 一门炮顶一个连
n13153500,中共打压中企影响 波及全球债务投资者
n13153524,美雇主招工祭新招 提供福利从学费到退休金
n13154169,专家：拜登推电动车目标 或加深对中国依赖
n13154541,克鲁兹：基建法案或“摧毁”加密货币产业
n13155665,美7月CPI攀升5.4% 核心通胀率涨幅低于预期
n13155132,【名家专栏】美经济显示刺激方案回报率走低
n13158165,买房？美国房产市场最火的十个地区
n13160771,纽约房东提告 美最高法院解除驱逐禁令
n13161040,通货膨胀下 加州衣食住行涨幅明显
n13161190,美消费者信心指数暴跌 降至疫情时期低点
n13161219,美国第二季度住宅价格同比飙升23% 创新高
n13161684,法拉盛户外淘宝市场 店家免费摆摊
n13162544,通胀影响 美多类商品价格暴涨 汽油涨41.8%
n13137214,美国买房 最贵和最便宜的五个州
n13166615,纽约市堂吃要出示疫苗证明 8月17日生效  9月13日执法
n13168372,【名家专栏】国家和家庭都需要有储蓄意识
n13169186,北京继续打压科技公司 美投资者抛售避险
n13169396,Aldi超市提薪 拟新雇740名南加员工
n13169583,洛杉矶港出口创16年新低 但进口激增
n13169215,成本上升原料短缺 美建筑商信心创13个月新低
n13170501,T-Mobile遭黑客攻击 逾4千万用户受影响
n13171395,美证交会严查中企IPO 要求解释离岸结构
n13159063,Costco出售的八种大包装健康食品
n13180732,疫情下用手机卖菜 华资超市宅配生鲜创商机
n13182486,全球供应链受阻 运费飙升 或带累欧美购物季
n13182726,消息：美证监会要求在美上市中企披露信息
n13182959,南加州港口业务量创纪录 促当地经济发展
n13182993,加薪变减薪 美国人的薪资如何被通胀抵消？
n13183055,受供应短缺招工难拖累 美商业活动增长再放缓
n13184424,美7月二手房销售意外增 房价涨速减缓
n13185274,美国7月份通胀居高不下 物价涨幅惊人
n13185466,【热点互动】程晓农：中共经济整顿背后玄机
n13184765,美国7月份通货膨胀率高 华人叹物价涨幅惊人
n13186566,消息：美国批准华为采购车用晶片
n13186655,严审中资股 SEC：在美上市中企须强化资讯揭露
n13187954,加州将发放新一轮600美元刺激补助
n13187826,美国近期房屋销售激增 有哪些驱动因素？
n13189403,白宫网络安全会：科技巨头承诺出巨资防网攻
n13189516,持续缺工 美快餐店员工第二季薪资大涨10%
n13190422,拜登政府批准华为获汽车芯片 卢比奥要说法
n13190845,美企二季度利润创新高 美GDP上调至6.6%
n13191175,美最高法院解除驱逐禁令 允房东驱逐欠租客
n13192090,传中共拟禁拥有大量用户数据科企在美上市
n13192534,疫情期间 美国人远程工作兴趣暴涨
n13193471,鲍威尔：美联储或考虑年底放缓经济援助
n13193685,纽约州7月销售税较去年同期增长逾21%
n13193649,Delta变种发威 纽约市酒店业难熬
n13193652,“紧急租金援助”中文网络研讨会 下周两场
n13194482,美最高法院终止“禁驱令” 租客须知
n13194605,美多数医保公司将不再豁免染疫者治疗费用
n13192604,去Costco买东西前 先参考12种购物技巧
n13195668,【名家专栏】美国应提防这样的经济放缓
n13192723,美关键通胀指标同比增3.6% 再创30年新高
n13197718,【名家专栏】台湾应遵守全球自由贸易机制
n13198483,飓风艾达影响墨西哥湾炼油 美国油价或上涨
n13200418,美搁置中企对Magnachip芯片公司收购案
n13201230,报告：美国房价持续上涨 创历史新高
n13201633,2021汽车质量排名最高的23款车型
n13203737,罢免选举前 刺激支票已进加州人银行账户
n13203346,【财商天下】绕过拜登政府 华尔街与北京勾兑
n13204092,Costco美国门店对特定商品实施限购
n13208534,【直播】八月就业报告发布 拜登发表讲话
n13208517,美8月非农就业新增23.5万人 远低于预期
n13208754,【财商天下】多国央行“收水” 中国反其道而行
n13209371,劳工节出游 加州人将支付有史以来最贵油价
n13210456,如果你到美国这州工作 将获7500美元奖励
n13210304,【名家专栏】投资中国的风险
n13206797,美味又实惠 今秋你可在Costco购买五种食品
n13180520,组图：SUV在美国受欢迎 哪十款最热销
n13215322,【预告】专访对冲基金经理巴斯：美中金融脱钩
n13215776,美国国内国际航空旅行今秋机票将便宜
n13217394,中国科学家收购稀缺材料厂 英政府介入调查
n13218071,索罗斯抨击投资中国是悲剧性错误 贝莱德回应
n13219876,企业招人难 美7月职缺数达1090万创新高
n13220294,应对中共逃避监管 前美官员吁政府做出行动
n13220700,美国10月或达到债务上限 耶伦促国会行动
n13222340,美经济持续复苏 失业金申请创疫情期新低
n13223076,美联储：许多企业预计通过涨价来转嫁成本
n13225374,美国计划调查中国工业补贴 或加征新关税
n13223272,在Costco购物 最合算和不合算的6种日用品
n13228447,美知名超市：通胀超预期 将冲击消费者钱包
n13231560,天然气价格上涨 预示美国今冬供暖费用高昂
n13231570,民主党预算案增税计划 企业税料调升至26.5%
n13233958,亚马逊拟再招12.5万员工 平均时薪18美元
n13234243,疫情致收入下降 但美救济金去年帮千万人脱贫
n13234735,达纳角码头涨价问题应如何解决？
n13236095,SpaceX今晚启动首个全平民“宇航员”太空之旅
n13236970,从衣服到家具 通货膨胀推高在线商品价格
n13239051,【财商天下】北京动战备储油 失大宗商品定价权
n13240178,西岸港口拥堵 专家建议消费者为购物季早打算
n13241533,分析师示警：美股IPO企业今年近半已破发
n13241562,737 MAX空难追责 前波音试飞员恐面临起诉
n13242788,洛杉矶县7月失业率略有下降
n13243971,未来十年 美国增长最快的工作及其薪资
n13231438,小型中企在美上市 圈钱与做空游戏频上演
n13244095,今年的圣诞新年购物有何大不同
n13243464,组图：纽约百老汇恢复演出 大批观众前往观赏
n13241909,在Costco买食品 八种最实惠 五种不合算
n13228858,汽车保险最便宜和最昂贵的10款车
n13247163,报告：美中科技双边投资减96% 带动各国脱钩
n13247739,辉瑞：COVID-19疫苗对5至11岁儿童安全有效
n13248171,供应链中断导致价格上涨 补货等待期加长
n13248235,美国证监会发警告 投资在美上市中企有风险
n13248315,【杰森视角】中共出资救恒大？从恒大看懂中国
n13248517,耶伦：若政府债务违约 将“永久”削弱美国
n13249523,高房价令买家犹豫 8月房市热潮降温
n13250514,Costco警告：网购常见居家用品或延误交货
n13250580,亚马逊积极招募中国卖家 被指打开潘朵拉魔盒
n13251599,捷蓝和美航联盟遭告反竞争 涉南加机场
n13253614,美联储可能11月开始逐渐缩表 明年或加息
n13253735,美国面临违约风险 传耶伦寻求华尔街帮助
n13254073,调查：疫情促使更多美国人计划购买旅游保险
n13254138,专家预测美国下半年及明年房市走势
n13255781,有机食品市场兴起 多数美国人不知何为“有机”
n13256597,Costco对瓶装水、卫生纸等商品限制购买
n13258538,美国对进口钕铁硼发起调查 瞄准中国稀土永磁
n13258688,好市多、联邦快递和耐克：假期临近 物价还得涨
n13258866,全球货柜持续供不应求运费高涨 专家解析原因
n13259103,忧恒大将拖垮经济 专家：美中要尽快脱钩
n13253709,美国五个州没有销售税 你需要了解啥
n13262752,停驶一年半后 公主号游轮从洛港首航
n13264971,罢免选举周 加州申请失业人数增加
n13265579,美参院未通过拨款法案 政府面临关门风险
n13267266,供应链中断引发行业危机 加州长滩港发警告
n13267458,美商务部长：中共阻止航空公司购买美飞机
n13267625,天然气涨价180% 美家庭冬季取暖费预计上涨
n13267813,州长签署新法：取消服装工人计件付薪制
n13268297,美联储拟加息应对通胀 中共将受巨大冲击
n13270268,美密西根户外车展Motor Bella 体验急速与越野
n13270531,《底特律新闻》读者选择奖: 福特车的天下
n13271038,美参院将对临时支出案进行表决 避免政府关门
n13272548,UCLA预测：经济复苏时程与疫情同样难料
n13272558,美缺芯片 三星再被召集 或选德州建新厂
n13273067,美贸易代表戴琪下周发表美中贸易关系演讲
n13273502,国安疑虑？Five9股东否决Zoom收购案
n13274374,坐拥大量现金 美科技巨头纷纷购买写字楼
n13275203,加州第二轮600美元纾困金支票 将于下周开始寄出
n13275727,纽约市首次购房补助加倍 最高10万元
n13275724,州主计长：30地方政府面临财政压力
n13277091,美中长期审计冲突未解 中企退市倒计时
n13277067,创新高 中国到美西货柜运价9月破2万美元
n13277270,美国人购买药品的花费 是其它国家总和的两倍
n13262659,涵盖衣食住行 美国涨价超10%的23种商品
n13273127,Costco八种商品受欢迎 背后有何秘密
n13280634,中方未兑现承诺 美宣布对华四项贸易政策
n13281029,美中恢复贸易接触 戴琪将与刘鹤通话
n13281265,美贸易代表：将取消部分中国商品关税
n13281046,组图：加州爆大规模漏油事件 酿环境灾难
n13283700,美政府暂停授权向中广核出售核材料
n13283963,美证交会主席：不会效仿中共禁止加密货币
n13284432,世界领先港口营运商警告 全球供应链危机将持续
n13284311,美USTR就549种中国商品关税排除征求意见
n13285691,亚马逊提前开始“黑色星期五”促销活动
n13286248,恒大危机 布林肯：美希望北京采取负责行动
n13285586,收入增长赶不上房价涨速 美房贷更难负担
n13288913,美申请失业金人数降至32.6万 好于预期
n13288977,【财商天下】美对华贸易新政 强硬还是软弱
n13289556,草根抗争胜利 宾东集团弃建天然气管道计划
n13289509,加州购房热致房价飙升 专家预测2022年续涨
n13291250,美9月非农就业增19.4万人 失业率下降
n13291582,莱特希泽：通过贸易输血中国 只会喂肥共产党
n13291697,能源公司CEO：能源危机或致美国各地今冬停电
n13292962,美中贸易通话 戴琪和刘鹤各提要求
n13293172,全球食品价格升至十年来最高水平
n13293167,分析：通膨使美国家庭每月多花175美元
n13291466,网购推出六种新产品 Costco有哪五大动向
n13279165,有升就有降 美国20种商品价格下跌
n13295863,耶伦：相信美国会将通过全球企业最低税
n13299275,人工短缺 美快餐店时薪19美元也招不到人
n13299355,实现收入多元化 Netflix将在沃尔玛网站卖商品
n13299991,租金价格渐升高 公寓“商品”成热销
n13300214,美8月430万人辞职 食品和零售业占多数
n13299952,圣诞新年购物要赶早 哪些商品或缺货
n13300776,美众院通过临时债务上限法案 送交拜登签署
n13301423,疫情之下 美国税收出现44年来最大增长
n13302098,【直播】应对供应链危机 拜登宣布新举措
n13303028,美物价反弹 年通膨率达2008年以来峰值
n13302797,美能源信息署：家庭取暖费今冬将大幅上升
n13302699,社安金明年调升5.9% 约7000万美国人受惠
n13304160,谢金河：通膨已成全球迫切课题
n13304722,美申请失业金人数低于30万 疫情以来首次
n13304809,全球集装箱告急 沃尔玛等零售巨头租船运货
n13305211,华府房市买家热度略降
n13305250,跟刘鹤通话后 戴琪首次对媒体透露情况
n13306688,能源紧缩堪忧 中资公司锁定美液化天然气
n13308274,前五角大楼官员：中共正大举渗透美国企业
n13309118,为什么不值得申请零售类信用卡
n13309299,美国取代中国 成印度最大贸易伙伴
n13311142,洛杉矶国际机场开放4300个经济停车位
n13313443,经营超市的美亿万富翁：食品价格将大幅上涨
n13313634,迎接年底购物旺季 亚马逊增聘15万美国员工
n13314388,加州餐馆岗位减35.2万 业主盼联邦续救济
n13315612,【预告】专访程晓农：中共拉闸限电给谁看？
n13315673,FCC专员吁对大疆无人机施加新限制
n13315779,供应链危机 美最大集装箱港口积压20万货柜
n13315843,西南航空取消无薪休假 员工未接种疫苗可上班
n13316206,九月房市？ 预计南加州量价齐降
n13318317,滞留海上集装箱现被弃入加州社区
n13318432,美卡车协会：工人短缺、船运积压酿经济风暴
n13319103,疫情阴霾未尽扫 影响端倪已初显
n13319498,中石化大量购买美国天然气 每年500万吨
n13320047,【名家专栏】美国经济的通货膨胀问题
n13320700,美议员推“击败中共”法案 应对供应链危机
n13320860,消息：中共监管机构建议滴滴等企业赴港上市
n13321130,新泽西仓库空置率创历史新低 需求仍强劲
n13321170,物价飞涨 除汽油外还有哪些东西涨价？
n13321512,专家预测：美国未来一年经济恐陷“滞胀”
n13321547,西柯汶纳批准建亚马逊配送中心
n13321993,电力短缺冲击经济 中共洽购大量美天然气
n13323368,美联储：企业认为疫苗强制令正在伤害就业
n13323459,企业高管警告：可能出现食品短缺 人们在囤积
n13323663,小企业主叹港口积压致库存短缺
n13323894,纽约奥莱商品价格趋涨 旺季店家却招人难
n13323944,纽约市府养老基金 扩大绿色投资 2040年“零排放”
n13323888,想赶房客得先上法庭 州参议员提“正当理由”驱逐法
n13323905,北美最大绿能氢燃料厂 纽约上州破土动工
n13323899,雇主未提供退休计划 员工将自动纳入纽约州储蓄计划
n13323891,劳力士手表在纽约供应减少 需求上升
n13323518,应对员工紧缺 美国餐馆将启用机器人烹饪送餐
n13324933,能源危机冲击在华外企 专家：促供应链转移
n13324776,明年旅游需求料增 何时订航班酒店最省钱
n13325181,缺货又涨价 六大因素影响美国供应链
n13321451,物价飞涨 在Costco买12种食品和用品最便宜
n13329192,专家：入世20年 中共从没遵守世贸规则
n13329940,耶伦与刘鹤二度通话 谈及宏观经济问题
n13331457,为什么美国各州汽油价格差异很大
n13331522,价值240亿美元货物在加州两大港口外滞留
n13331828,美日用品公司：卫生纸、纸巾、纸尿布将涨价
n13333330,240亿美元货物滞留 美西2大口祭罚款
n13331578,除了恒大 还有哪些中国房地产开发商陷困境
n13333984,美零售巨头下架中国监控产品 指其迫害人权
n13334731,缓解拥堵 加州两大港将向海运公司征附加费
n13334714,消息：白宫将推气候新规 无论国会是否支持
n13336134,美拟征富豪税 马斯克：政府支出才是问题
n13336164,访谈：今年节日购物 家长需要注意什么？
n13336647,消费支出大幅放缓 美经济增速放缓至2%
n13336535,中共加紧拉拢拉美 厄瓜多尔大使吁美国行动
n13337378,洛市小企业5000美元复苏援助申请开始
n13337363,美国会通过法案 阻华为中兴设备进入电信网
n13339614,腾讯拟收购英国游戏开发公司 美国审查
n13341241,美欧接近达成贸易协议 取消钢铝关税
n13341619,美高管：美中地缘政治对未来供应链酿压力
n13339379,顾客做的十件事 令Costco员工或欣喜或恼火
n13325074,中国生物科技公司投资美国 挖人才挤市场？
n13343633,好莱坞影视业者谈疫情下发展契机
n13327144,美国个人收入增长最快和最慢的十个州
n13345197,美欧结束钢铝税争端 拜登：阻中共不洁钢铁
n13345663,限电和成本冲击义乌工厂 推升美圣诞饰品价格
n13348072,雅虎退出中国 因商业和法律环境恶化
n13348638,脸书宣布关闭面部识别技术系统
n13348898,西好莱坞最低时薪拟提至17.64美元 周三待决
n13351273,美国对中国的液化天然气出口创新高
n13351398,美联储11月下旬开始缩减购债 利率不变
n13351992,翻新炒卖房Zillow遇挫 专家建议入行审慎
n13353492,拜登政府宣布企业疫苗令于1月4日生效
n13351932,【微视频】钱印多了物价飞涨 影响美国中期选举
n13353787,英授权默克抗病毒药 或改变COVID-19防疫方式
n13354144,劳动力短缺 新泽西小型商企生存艰难
n13356086,美10月非农就业增53.1万人 高于预期
n13356753,重开航线 达美航空国际订票激增450%
n13356910,加州港口拥堵 德州州长欢迎货船改道德州
n13357185,纽约市住宅租金回温至疫情前
n13357926,美放宽外国人入境限制 豪宅市场将迎买房潮
n13356676,美国猪牛肉涨价 受欢迎零食价格也将上涨
n13354573,年底假日购物 五样东西在Costco买最合算
n13348432,三个工作无需大学文凭 年薪超10万美元
n13363373,加州两众议员吁成立紧急工作组 解决港口危机
n13351520,一文看懂 外国科企为何选择撤离中国
n13363474,纽约联储调查：美消费者通胀预期再创新高
n13363970,美联储：中国房地产造成的风险或影响美国
n13364843,Fed副主席：2022年底前达升息标准
n13365421,通用电气将分拆为三家公司
n13365441,美10月批发价格同比上涨8.6% 创历史新高
n13366145,禁令解除 LAX预备迎接大批国际旅客
n13365712,拜登政府公布港口升级计划 缓解供应链危机
n13366040,商务部长：美缺半导体产线 构成国安威胁
n13367565,美10月CPI升至31年来最高 超预期
n13368574,报告：高薪酬仍难解全美劳动力短缺
n13368185,马斯克出售特斯拉持股 套现11亿美元
n13368213,美国10月电费同比涨6.5% 为12年来最大涨幅
n13369768,【微视频】美通膨30年新高 美联储副主席一语成谶
n13370499,美消费者奢侈品购买力超过中国人 提振市场
n13370919,加州房市报告：房价开始趋缓 可负担性略升
n13371136,经济复苏 新泽西捷运将增加列车车次
n13371032,美国国会议员提法案 缓解港口拥堵及运输危机
n13371989,医疗保健巨头强生公司宣布将拆分
n13370596,分析：美国为何通货膨胀严重 何时开始回落
n13372271,马斯克再出售更多特斯拉股票
n13372669,美兴起“盖房出租”投资热 收益率高达8%
n13372554,英特尔如何赶超三星和台积电 获芯片主导地位
n13372606,缓解司机短缺与港口拥堵 卡车驾考点增加
n13372779,美消费者信心降至10年低点 辞职人数创新高
n13373185,旅游市场回暖 纽约市“天际公主号”游轮启航
n13373153,美企加紧投资中国芯片业 美国拟立法监管
n13374106,通胀推升物价 美国哪些商品和服务越来越贵
n13374230,加州港口拥堵未缓解 集装箱船排队数创纪录
n13374369,通胀会导致美国这些州的个人所得税增加
n13372458,Costco在出售哪些节日食品 哪些即将上架
n13372555,想寻找远程工作？美国这五个州机会最多
n13375319,【名家专栏】移民能解决美国劳动力短缺吗？
n13375807,全美油价降低之际 加州飙至最高纪录
n13343930,美国人均GDP最高和最低的十个州
n13376217,报告：洛县拥有全美最昂贵房市邮编区
n13377622,国会两党推动抗共科技法案 提高美竞争力
n13378306,美港口拥堵持续严重 专家分析原因及化解方法
n13379336,前Fed官员：美恐陷停滞性通膨 应立即升息
n13379639,美MBA毕业生薪资创历史新高
n13379701,分析：房贷涨幅远超薪资涨幅 美国人买房难
n13379922,马斯克再次抛售股票 专家：税收非唯一原因
n13380796,减船舶拥堵 洛杉矶两港实行新排队流程
n13380867,翻新重建 迪士尼米老鼠卡通城将关闭一年
n13381882,中共秘密机构建“白名单” 加速取代美技术
n13381933,美日建新贸易伙伴关系 剑指中共经济政策
n13382452,解决劳动力短缺问题 美企瞄上青少年
n13382546,清除空货柜 洛杉矶港船只拥堵现象改善
n13382651,洛城斯台普斯中心圣诞节更名Crypto.com广场
n13383051,最新台美经贸观光及侨情展望
n13383049,美欧日三方续盟 应对中共贸易挑战
n13384628,强生公司拆成两家 一周内三大跨国公司相继拆分
n13385165,缓解洛杉矶两港压力 加州放宽卡车重量限制
n13387332,UCLA研究：美甲店受疫情冲击财务困难
n13387494,运输体系出状况 殃及美国农民
n13387560,SEC任命朱昊翔为交易和市场部主管
n13387468,纽约市率先立法 限制使用人工智能筛选求职者
n13388433,感恩节出游潮 2千万人次搭机考验航空公司
n13387347,价廉物美 十类商品在Costco买总是很低价
n13388185,十类工作远程上班机会多 最高年薪超15万
n13393445,明年股市恐遇“利率冲击”美银吁多持有现金
n13393526,拜登释放五千万桶战略储备油 遏制油价飙升
n13394586,汽车市场供不应求 2021买车修车双难
n13394473,三星斥资170亿美元将在德州建芯片厂
n13395081,尔湾莱纳基金会癌症中心预计明年开放
n13395610,【新闻大家谈】美释五千万桶储备油 寻求5国协作
n13396122,美商务部将十几家中企列入“实体清单”
n13396528,美上周失业金新申请者人数骤降 52年来最低
n13398620,洛市决议：2029年前盖50万住房
n13398612,感恩节后迎黑五 Costco及各商家营业时间一览
n13398943,拥堵稍缓 加州两大港暂停征附加费
n13399060,调查：不打算买节日礼物的美国人今年最多
n13399354,达成全球和解协议 美光与联电互撤诉讼
n13400771,病毒新变种引发抛售 道指狂泻900点
n13400823,病毒新变种冲击股市 投资专家预测市场走向
n13401388,紧随黑五 “网络星期一”商家再推大折扣
n13401732,纽约布碌崙十月租约量 13年来最高
n13401603,纽约州小型企业持续复苏 面临缺工缺货
n13401597,纽约市2021财年防疫费用逾60亿
n13401735,凌晨五点冒雨排队 黑五奥莱购物热情不减
n13402847,今年美国黑五期间 汽车折扣和往年大不同
n13396897,买节日礼物？在Costco批量买五种商品可省钱
n13403254,黑五购物 美实体店销售额比疫情前下降28%
n13399118,分析：为何中国市场越来越不受外企欢迎
n13396817,组图：最保值的十款车 五年折旧率低于25%
n13406757,南非变种病毒引恐慌 全球市场不确定性增大
n13406520,沃尔玛CEO：拜登政府已缓解供应链瓶颈
n13407221,修车技工短缺 预估十年内职业收入稳定
n13407264,黑五购物模式大不同 民众享受“逛店”乐趣
n13407954,拜登邀十大企业谈物流危机 三星是唯一外企
n13408345,莫德纳CEO称现有疫苗难抗Omicron 冲击股市
n13408657,鲍威尔称或提前停止购买国债 美股应声下跌
n13410336,Fed：有意加速缩减购债 或暗示美将提前升息
n13411282,房利美预测美国明年房贷利率将为3.3%
n13411442,美联储：供应链瓶颈和劳动力短缺推高通胀
n13411621,习近平整肃民企巨头 却打疼了华尔街
n13413405,中国制药公司新泽西州购地 建癌症治疗研发基地
n13413460,特斯拉正式将总部从加州迁至德州
n13413467,疫情重击加政策限制 28%新泽西企业准备关门
n13413974,FHFA宣布调高美国2022年房贷限额
n13413987,滴滴出行启动纽约退市工作 寻求赴港上市
n13415716,滴滴宣布从美国退市 留下五大问题
n13416216,三星电子德州设厂 加速美供应链重组
n13417134,【财商天下】中国业务亏损 华尔街为何加码投资
n13415457,美11月新增21万个工作岗位 远低于预期
n13418926,【名家专栏】马斯克离开加州的真正原因
n13419375,分析：滴滴纽约退市 进一步打击中概股
n13421027,民调：24%租房人考虑离开加州
n13422359,投资者减少对Omicron的担忧 股市上涨
n13423268,卖房vs买房 房利美发布全美购房信心指数
n13423685,专家：降低对华关税 不能缓解美国通胀
n13425014,美企计划明年大幅提高薪资
n13425092,美商务部长：520亿美元芯片资金法案或将推迟
n13425178,专家警告：6%通胀率对普通美国人太高
n13425830,UCLA预测：内陆帝国经济增长领先南加州
n13427306,中国房市清算开始？恒大佳兆业美元债首爆雷
n13427326,美国上周申请失业救济人数达52年来新低
n13427361,香港IPO定价当日 商汤或被美列投资黑名单
n13427954,新泽西收费公路费用明年起再次上涨
n13428257,快餐连锁店Jack in the Box收购Del Taco
n13428709,拜登暗示11月通胀数据可能仍然很高
n13429948,新泽西海滨城市大幅限制短租房 反对者称破坏经济
n13429449,【名家专栏】美国国会不应插手信用卡政策
n13429834,美11月通胀达39年最高 美联储面临更大压力
n13430564,台湾超越韩中两国 成半导体设备最大买家
n13430865,美议员要求增加国内能源生产 补充战略储油
n13431508,吃穿用度都涨价 盘点美四大日常用品涨幅
n13431637,中共入世20年 美议员：成地缘政治灾难
n13413316,当前季节在Costco最合适买的10种商品
n13374663,组图：美国卖最快的十款车 日韩系占大多数
n13436792,电脑安全漏洞涉及全球 中共黑客趁机钻空子
n13437621,美投资专家：全球通胀恐持续很长时间
n13436996,专家：中共不守规则 世贸组织应将它逐出
n13437741,洛港货船滞留外海 商家叹：假期到 货未到
n13437352,美参议院投票通过提高债务上限法案
n13438939,传美国将把更多中企列入黑名单 引发股价暴跌
n13439168,通膨40年最严重 刘泰英：美必货币紧缩
n13438538,钱生钱 怎样做到快又稳 投资专家指点迷津
n13439722,美联储预计2022年加息三次并加快缩减购债
n13440330,研究：疫情后移居加州者遽减 离开者多
n13440402,防荷包缩水 华人投资应注意啥
n13440975,查普曼经济学家：2022年加州经济强劲
n13441735,加州长滩为解决供应链危机排除关键障碍
n13442176,应对劳动力短缺 新泽西小企业涨薪速度创纪录
n13442138,浑水公司再出招 做空中企“贝壳找房”
n13442559,南加房价11月续涨 创今年第9个纪录
n13442542,美国11月份制造业生产接近三年来新高
n13444098,美国几乎所有州11月失业率均下降
n13443984,全球股市周五下滑 科技股领跌华尔街
n13444901,无视SEC权威 低价股推手被永久停牌
n13445935,Omicron病毒未阻美“超级星期六”营业
n13442879,去Costco为全家人购物 八大省钱专家策略
n13447050,专家预测2022年美国房市走势
n13447523,拜登提高电动车补贴的计划在参院遇阻
n13448081,分析：劳动市场改变 远程工作美企蓬勃发展
n13450078,佛州州长采取行动 将州养老基金与中共脱钩
n13451012,全球公司市值排行榜 前十名无一家中企
n13451130,美证监会要求上市中企做更多风险披露
n13451744,2021有望成为洛杉矶港史上最繁忙一年
n13451749,电动车新锐Rivian乔州耗资50亿建厂
n13451457,美国明年将成为全球最大天然气出口国
n13453685,平安夜 盘点Costco、沃尔玛等商家营业时间
n13453759,美国第三季度经济增长2.3% 略高于上季度
n13453767,【财商天下】美国要加息 中共忙圈钱
n13455652,美居民消费价格一年上涨5.7% 39年来最快
n13455945,美上周申请失业救济人数20.5万 保持历史低点
n13456277,新变种搅局 谷歌及通用等企业退出消费电子展
n13458177,拜登签署法案后 传沃尔玛下架新疆产品
n13458205,中共新建稀土垄断集团 专家：是一把双刃剑
n13458805,长滩港获5230万拨款 助铁路运输建设
n13458727,纽约州发布新指南 缩短必要行业劳工隔离时间
n13459977,Omicron引发市场波动 美抵押贷款利率下降
n13458963,疫情中购物潮不减 客户喜欢Costco的八大理由
n13461858,报告：美假期零售额增8.5% 电商销售额上升
n13462412,标普今年已涨26% 华尔街估明年涨势不再
n13462402,FDA和专家提醒：服用辉瑞抗病毒药丸要慎重
n13463398,美国假日季销售强劲 全球股市上涨
n13463737,美国明年这些食品继续涨价 部分高达20%
n13464461,组图：疫情影响空中交通 美国取消近千航班
n13465134,2022年美国房市四大看点
n13465363,美疫苗接种率最低的几个州引领假日购物热潮
n13467108,美11月商品贸易逆差扩大17.5% 创历史新高
n13470261,特斯拉召回近50万辆车 涉Model 3和Model S
n13470485,2022新泽西房市预测 库存低买家多房价涨
n13471878,全球十大富豪美国占九 2021年财富增逾4000亿
n13472895,金融专家：2022年对401K退休计划勿放任自流
n13472913,两年投资320亿 新泽西明年多个基建项目将开工
n13473268,感染激增再次破坏餐厅酒吧经营
n13473724,美官员要求再推迟5G部署 确保航空安全
n13474984,组图：2022最受期待的11款新型电动汽车
n13475426,疫情爆发后 美国上市公司财务业绩更好
n13473653,Costco也卖车 最热卖的15款车是什么
n13452432,2022年学什么？专家推荐最有价值五技能
n13477472,特斯拉去年交付93.6万辆新车 增长87%
n13471349,美国税收负担最重和最轻的五个州
n13479145,2022年首个交易日 股票期货上涨
n13479679,苹果市值一度突破3万亿美元大关 史上首家
n13481866,亚马逊Kindle天猫旗舰店关闭 在中国前景未定
n13481894,美11月辞职人数逾450万 创历史新高
n13481785,首次挤下通用 丰田成美国最畅销汽车制造商
n13485097,2021全美房价增幅创纪录 新年预计上涨放缓
n13487126,美国混合动力汽车销量创历史新高
n13487512,外州买房不手软 小中产想资产保值
n13487311,Omicron感染增多 美上周初领失业金人数微升
n13489150,元月1日起 新泽西三大公路通行费再次调涨
n13489033,美12月非农新增就业低于预期 失业率至新低
n13489439,2022年美国人薪资预计上涨5%或更多
n13488716,【名家专栏】成本推动型通货膨胀 站不住脚
n13491104,马斯克：特斯拉将上涨全自动驾驶软件价格
n13487711,2022年 Costco为购物者带来哪八个变化
n13487584,兼顾生活质量 找高薪工作最好的十个美国城市
n13495503,美国税局公布报税季启动日 你需要了解啥
n13497905,Fed主席：美经济能承受紧缩政策和疫情冲击
n13498354,【财经话题】美联储紧缩与2022年软着陆
n13498515,供应链危机未解 美交通部长访问西部双港
n13500306,美通胀率达7% 40年来最高 FED或加速加息
n13500330,分析师：供不应求 油价今年将进一步上涨
n13501496,汽车需求反弹 但2022年买车依然难
n13502671,美上周初次申请失业金人数增加2.3万
n13505250,发展风电 联邦出租纽约新泽西近50万亩海域
n13505905,奥密克戎加剧港口拥堵 全球供应链大危机
n13506051,纽约最贵公寓之一1.9亿售出 亿万富翁赚翻倍
n13506039,纽约市餐馆周1月18日登场 现已开放预定
n13506019,FedEx向美航管局申请 货机加装反导弹系统
n13503633,淘宝之旅需精明 在Costco购物不要犯哪些错误
n13498378,2022年美国有哪些远程工作最热门
n13512199,洛杉矶物业受青睐 2021增值最快10城排名
n13512259,美航空公司警告：5G部署恐酿灾难性航空危机
n13513955,担心5G干扰 国际航空公司取消部分飞美航班
n13513919,应航空业要求 美电信公司暂停部分新5G服务
n13514159,美国公司预计今年为员工平均加薪3.4%
n13514439,卡车司机入境加国须打疫苗 业界忧果蔬涨价
n13514025,美房贷利率再次跳升 购房者还贷压力增大
n13516947,美航空公司新航线 开启阿拉斯加特殊之旅
n13516987,安大略机场客运未减反增 2021有450万旅客
n13515892,美业界专家：中国芯片技术落后主流三四代
n13518508,美首次申请失业金人数达28.6万 三个月来最高
n13519332,2021是长滩-洛杉矶两港最繁忙一年
n13519369,Avelo航空拟聘120名新飞行员
n13519515,洛杉矶制片2021年第四季创纪录
n13520949,英特尔斥资200亿 在俄亥俄州建超大芯片厂
n13521070,三中共军工企业涉导弹扩散活动 遭美制裁
n13521909,LAX第三座人行天桥完成 连接旅客捷运系统
n13521837,五金、家电全球性断货 法拉盛店家：今年有好转
n13523027,2022年旅行 前往机场前需要注意的几件事
n13521877,今年雇主最看重什么技能 职业专家介绍这三种
n13456393,在Costco买好吃的 可考虑七款健康冷冻食品
n13509780,组图：2022年不同车型的最佳车款是哪些
n13526753,道指周一大跌 美股遭遇疫情以来最差单月
n13528819,地缘政治危局加剧 全球油价恐推历史新高
n13529010,2022年全球大宗商品供应链充满变数
n13529068,病毒大流行造成的工作损失 美四州已完全恢复
n13529327,通用对电动车投资70亿 与福特和特斯拉竞争
n13529718,洛县房屋月付年升12% 销量增幅却创纪录
n13531388,苹果重新夺回中国智能手机销售榜首
n13531504,为降低通胀率 美联储预计3月加息
n13531861,防技术外泄？美光将关闭上海DRAM设计业务
n13531874,美国去年12月份新屋销售增长12%
n13532099,日产SUV存在起火隐患 北美召回近80万辆
n13532707,中共“清零”牵动世界经济 多国重建供应链
n13534179,美去年第四季度GDP劲增6.9% 全年增5.7%
n13534275,FCC列四大理由 撤销中国联通在美运营权
n13534518,新泽西将更换哈肯萨克河桥梁 并扩建轻轨
n13535082,在该特斯拉年内无新款车 将发力擎天柱机器人
n13534409,白宫考虑延长川普时期太阳能板进口关税
n13537531,消费者支出疲软 通胀飙升 美联储面临两难
n13540307,【财商天下】中美晶片战 台湾最关键
n13534941,在Costco买早餐 营养师推荐多种健康美食
n13541571,美联储：中国A股单日外资撤逾23亿美元
n13540195,全球最富的人在新年伊始都亏钱 除了巴菲特
n13543110,南加油价未来数月预计续涨
n13540082,2022最合适工作的美国四城市 大公司汇集
n13546260,奥米克戎重创年关经济 纽约华埠商机有待恢复
n13546299,Omicron疫情趋缓 大雪过后 法拉盛年味浓
n13546908,共和党议员敦促拜登收紧对中芯国际出口限制
n13547260,美国油价或再上涨 每周哪天加油最省钱
n13548111,因自动驾驶软件问题 特斯拉正召回5.4万辆车
n13548335,遭地产税挤压 中低收入房主或搬离纽约市
n13551548,国际空间站8年后退役 将在哪里坠毁
n13551331,美众院推进千亿美元对华竞争法案
n13554559,报税季已至 国税局提醒防范各种诈骗
n13554175,美国房价暴涨 业主和卖家的财富创新纪录
n13554679,“附属单元”合法化立法  东北皇后区“独立屋”规划受威胁
n13554780,长滩港欲建全美最大电动卡车充电网
n13554945,Meta暴跌26% 扎克伯格身价缩水近300亿美元
n13555651,美1月非农新增就业远超预期 达46.7万
n13555322,【名家专栏】左翼信贷政策使穷人受害最深
n13555833,拜登延长太阳能板关税 同时放松部分条款
n13556287,纽约市曼哈顿康斗房及公寓买气旺 创30年来新高
n13557220,奢侈品都在涨价 经典香奈儿包涨3000美元
n13557824,美消费品公司将再提价 通胀可能不会很快消退
n13554593,Costco自有品牌柯克兰5个鲜为人知的真相
n13560827,美官员：中共未兑现贸易协议 美正失去耐心
n13561089,美国将33家中国实体加入出口管制清单
n13561333,与摩托罗拉前员工合谋窃密 海能达被美指控
n13561178,美两家最大廉航合并 打造美第五大航空公司
n13561965,通货膨胀下地税也涨价？洛县估值官作解释
n13562307,美国政府将投10亿美元 助农民应对气候变化
n13564327,Airbnb：洛杉矶超级杯让俄州租房搜索量增2000%
n13564464,经济复苏推动内需 美国去年贸易逆差创新高
n13565461,美41位参议员吁：建立全面对华关税程序
n13565650,首次承认！拜登：特斯拉是美国最大电动车厂
n13566387,班机在美延误未让乘客下机 中国国航认罚
n13566184,ASML警告一家中国公司涉嫌侵犯知识产权
n13566822,春季将至 美国房屋销售比以往任何时候都快
n13566431,中共未兑现贸易协议 美国考虑下一步行动
n13568685,美国过去一年通胀率高达7.5% 40年来最高
n13569031,拜登：通胀给美国人带来压力 将在年底前缓解
n13569173,特斯拉再召回近58万辆车 Boombox功能存隐患
n13569409,美国抵押贷款利率再飙升 为两年来最高水平
n13569645,串流平台订阅推助 迪士尼第一季营收218亿
n13571530,美国税局最新数据：今年退税额低于去年
n13568819,Costco在促销 营养师推荐五种健康食品
n13559526,组图：在路上寿命最长的16款车 丰田占半
n13574898,加拿大警方清场 美加边境大桥恢复通行
n13576567,美国油价再次上涨 专家警告未来或更糟
n13577781,美国通胀攀升 情人节开销也水涨船高
n13577705,超级杯大赛期间 天空现大型“自由”信息
n13579488,美最热房地产市场 外地买家比本地人多付30%
n13579795,联邦参院提案 暂停征今年剩余时间汽油税
n13580365,美重组高科技供应链 专家警告防中共渗透
n13582418,百万豪宅正成为美国房地产市场的新常态
n13583850,报告：82%美国消费者买车费用高于标价
n13585023,美发布恶名市场名单 微信和全球速卖通上榜
n13585446,美国柑橘种植者在供应链危机中挣扎
n13586211,忧高通胀引发经济衰退 华尔街银行高管发预警
n13587357,南亚科采购2.5亿度绿电 推动绿色生产
n13588242,疫情挑战Airbnb生意 房东叹利润大跌
n13588632,纽约餐馆业严冬中呼吁联邦救助
n13588657,走访法拉盛商家 小商业局新任亚裔局长：为企业减负
n13588884,消息：五角大楼拟增加稀土和锂的库存
n13590241,【财商天下】中国富人太多？华尔街抢“肥肉”
n13590246,专家警告：油价或很快达到每加仑7美元
n13586506,成功且奇特 Costco自产商品为何都叫Kirkland
n13589547,【名家专栏】中国买家会永久撤离美国房市吗？
n13592977,美国1月二手房销量意外增长 豪宅更抢手
n13592918,供应链问题影响获利 Roku股价崩跌
n13592953,华尔街预计梅西百货假日季业绩将夺冠
n13594664,新泽西中心城市致力探索新技术 服务居民和游客
n13595658,芯片技术依赖美国 中共自驾车发展梦受阻
n13597058,【财商天下】美发起大豆战 中国惨败
n13597967,利率虽调高 加州一月房屋销量反弹升温
n13599593,中共和西方对峙加剧 在华外企难左右逢源（上）
n13523640,LV和古驰受欢迎 奢侈品寄售风潮你要了解啥
n13600230,美国房市没有放缓迹象 买家竞价大战更激烈
n13603506,洛市与新墨西哥州风电签约 增水电局6%绿能
n13603551,美劳动力市场加速复苏 失业率降至52年新低
n13606713,俄乌战火将如何波及美国房地产？
n13607734,巴菲特公司利润创纪录 遗憾目前缺好投资机会
n13609296,亚马逊拟在新泽西加洛韦镇建新仓储发送站
n13611457,【名家专栏】加州应该采取措施降低油价
n13613067,建机场人行天桥 LAX部分道路夜间关闭
n13614212,受俄乌战事影响 美国油价达7年来新高
n13614307,分析：全球制裁俄罗斯 中企敢冒险助俄吗
n13614583,职场成功 传统四年大学还是唯一途径吗？
n13614842,俄乌交战下 美按揭利率骤降 房价或再创新高
n13616816,ADP：美2月新增47.5万就业人数 超预期
n13617060,【财商天下】从战场烧到餐桌 石油粮食危机
n13617521,俄入侵乌克兰 将加剧全球通货膨胀（上）
n13617554,经济学家：加州油价将达每加仑7美元
n13617958,强监管难挡中国资本外逃
n13620031,美油价一度逼近120美元 至14年来最高水平
n13622394,美2月就业人数增加67.8万 远超预期
n13622784,抗议俄国入侵乌克兰 纽瓦克吊销卢克加油站执照
n13623524,纽约市员工退休系统投票  从俄罗斯证券撤资
n13623502,纽约市汽油价格飙涨 每加仑平均4美元
n13624600,【财商天下】全球通胀压力大 能源危机有解方？
n13626732,全美平均油价飙至每加仑4美元 本周或创纪录
n13623302,就业市场充满机遇 五种需求最大的远程工作
n13631406,洛杉矶油价飙升 民众备感压力
n13631504,拜登禁买俄油 美石油高管吁政府出台利好政策
n13634231,汽油价格创记录飙升 监管部门提省钱建议
n13634913,应对油价暴涨 加州打算向纳税人送钱
n13636050,美众院通过对俄石油、天然气和煤炭禁令
n13637360,新预算加大房地产退税 新泽西180万家庭受惠
n13637147,美12个月通胀达7.9% 再刷新40年纪录
n13638461,美国汽油价格飙涨 特斯拉电动车更受青睐
n13638276,纽约市公寓抢手 两成必须竞价抢租
n13639279,俄首富：不要让俄罗斯回到苏维埃时代
n13640301,洛县31日开放贫户申请1000美元保障收入
n13640608,纽约市议会通过延长租金稳定法
n13638102,油价飞涨 电动车和燃油车哪个更省钱
n13643598,欢迎来拍影视 新泽西提供1300 万元税收抵免
n13643422,撤出俄罗斯却无视中共暴行 迪士尼被指助纣为虐
n13640579,五项技术和非技术技能 助你找到高薪热门工作
n13644865,美联储即将加息 为何影响潜在购房者？
n13646218,街头小贩集会 要求取消餐车许可证限制
n13647267,分析：多国拟重新使用化石燃料 保障能源供应
n13648301,一周内两次 特斯拉汽车再度涨价
n13648289,美国单户住宅租金飙升 涨幅创纪录
n13651254,新泽西盗车案飙升 “禁警追车”推波助澜？
n13651305,美联储三年来首次加息 预计年内再加六次
n13653790,四大公司阿片药物诉案和解 新泽西获赔6.4亿元
n13654130,美抵押贷款利率升至4%以上 2019年以来首次
n13654420,加州提案：纳税人获400美元退税以支付油费
n13654490,南加房价15个月内涨10万 突破70万美元
n13654594,美经济现强劲 初领失业金人数创52年新低
n13655040,纽约油价高 州税占多少？
n13655823,组图：NASA新一代巨型月球火箭首亮相
n13654120,新泽西州议员提议案允许自助加油 有望降低油价
n13656395,达美：国内票价或涨10% 国际航班增燃油费
n13656622,因油价飙升 Uber和Lyft司机考虑退出打车平台
n13657094,洛杉矶港对未来货物激增采取“观望”策略
n13657267,不仅卖杂货 在Costco买七种电子产品可省钱
n13660946,加州10共和党国会议员吁暂停征汽油税
n13661145,纽约旅展现人潮 台湾力推多元旅游吸睛
n13662720,买房贷款热门话题解析
n13662454,【名家专栏】战争、制裁和美国经济
n13663267,美国是如何进行大型坠机事故调查的
n13662845,鲍威尔：如有必要 美联储将加快升息抑通胀
n13665518,油价暴涨怎样省油？ 专家指点5种方法
n13665631,从交通到房产 油价飙升将如何影响日常生活
n13666187,美国房贷利率飙升 业内降低房屋销售预测
n13666327,降低成本 美国食品行业正流行自动化
n13666819,封城加剧深圳盐田港拥堵 冲击全球供应链
n13666904,房屋价值飙升 远超薪资水平
n13668808,洛杉矶油价升破6美元 成全美首个高油价大城
n13668854,加州每位车主或最高领800美元油费补贴
n13668941,橙县监事会要求州长和立法机构减汽油税
n13670667,美政府：对于中概股 与北京达审计协议尚早
n13671080,油价飙升促车主转向 美国人开始青睐电动车
n13671649,化敌为友 Uber与纽约市传统出租车合作
n13671698,疫情缓和 为何加州Uber司机却退出
n13671897,美国劳动市场火热 初领失业金人数创50年新低
n13673306,美将中移动、中国电信和俄卡巴斯基列入黑名单
n13673314,美抵押贷款利率接近5% 本周两次大幅跳升
n13673298,【财商天下】美豁免部分关税 中国要保纽约上市
n13673520,美国成屋销售跌近两年低点 消费者信心下滑
n13673813,纽约市户外用餐永久化搁浅 州最高法院喊停
n13671025,新泽西州住宅市场预期放缓 商业仓库火爆
n13675372,拜登将为美国亿万富翁设定新的最低税率
n13670980,夏季员工短缺 俄乌战争致新泽西海岸企业雇人难
n13679858,油价飙升电费涨 中产忧虑失家园
n13681429,东航申请纽约飞上海暂换目的地 美方批准
n13681578,油价高涨 加州应减税还是发钱
n13681944,美国农业部：今年食品价格将平均上涨5%
n13682469,美国3月份消费者信心指数意外上升
n13683015,美国房租涨15% 德州奥斯汀涨40%
n13684166,百度等中企被列入SEC黑名单 或面临退市
n13684903,美国3月ADP就业人数增45.5万人 略超预期
n13685449,克伦肖/LAX机场地铁有进展 夏末部分开放
n13686676,发展再生能源 新泽西仅存两家燃煤发电厂将关闭
n13686959,白宫宣布史上最大石油储备释放计划
n13687367,专家料通胀使美国家庭今年多支出5200美元
n13689262,美新增非农就业43.1万 失业率降至3.6%
n13690190,民调：逾六成纽约人反对水牛城投资案
n13691857,灾难应对专家：粮食短缺困难时期将到来
n13684512,在Costco、山姆店加油 就能赚回会员费
n13693846,吴兆峯：俄乌战争 中美通话与经贸走向
n13695562,批评推特审查言论后 马斯克入股成最大股东
n13695972,LAX机场：2月份旅客同比增长150%
n13696339,夏季青年就业计划 今年提供10万个工作机会
n13696334,人力中心免费讲座：小企业如何创建自己的公司网站
n13697293,美中太阳能交锋 美或对中国的东南亚制造商征税
n13697246,马斯克将加入推特董事会 承诺重大改进
n13697603,GM和本田开发新款电动车 售价低于3万美元
n13698210,全美13城22年内房价翻三倍 前6名在加州
n13698556,负担能力受压缩 公寓价格跃升历史新高
n13699521,分析：上海封锁或毁中国经济 撕裂全球供应链
n13700268,美财长：禁止俄罗斯石油出口将使油价暴涨
n13701158,应对通胀飙升 美联储拟每月缩表950亿美元
n13702514,美首次申领失业金人数下降 为53年来最低
n13703404,巴菲特再度出手 他刚买入了哪些股票？
n13705364,10个实习工作薪资最高的公司 最高月薪近万
n13705892,马斯克：锂价疯涨 特斯拉考虑自行开采提炼
n13707526,拜登签署法案：美终止与俄正常贸易关系
n13649272,营养师推荐六种Costco健康食物 可长期囤积
n13663502,组图：十款最省油的二手车 丰田占四款
n13708593,解决货运难题 沃尔玛高薪招募卡司机
n13708599,美国房贷利率飙升 卖家不再漫天要价
n13708621,受美联储升息刺激 美元指数冲破100关口
n13708634,确保旅游旺季人员配备 捷蓝航空推出勤奖
n13708495,美联储官员：通胀将持续到明年 但趋向下降
n13709107,美国超中国 多城登“全球最繁忙机场”榜
n13709414,马斯克不加入推特董事会 背后或有哪些打算
n13709384,美国汽油支出占比收入最高和最低的10个州
n13709500,洛杉矶油价连跌14天至5.862美元
n13709726,报告：关键矿物需求大增 美国恐依赖外国进口
n13709898,与中国忠旺串谋诈骗 美多家公司被罚巨款
n13710105,美国3月物价飙升8.5% 达40年新高
n13710293,美通货膨胀以40年来最快速度飙升
n13710341,LAX成为2021年全球第五最繁忙机场
n13710393,地铁枪击案引白宫关注 州长誓将打击犯罪
n13710611,报告：美加1元商店逾半产品含有毒化学物质
n13710755,供应链延迟 美国“小”港口提供潜在解决方案
n13710874,美3月PPI年增11.2% 创历史最大增速
n13710873,油价太高 美零售商和餐馆推出加油卡
n13710924,美农业部称今年所有食品都涨价 尤其这5种
n13711085,亚马逊向美国卖家加收5%燃油和通胀附加费
n13711714,马斯克斥资430亿收购推特 称推动言论自由
n13711858,430亿美元拿下推特？马斯克：还有B计划
n13711869,美国抵押贷款利率突破5% 11年来首次
n13712000,安大略国际机场旅客增长 突破疫情前
n13712088,专家：对中共盗窃知识产权 不能只靠国安工具
n13712657,推特采取“毒丸计划” 抵御马斯克收购
n13712519,拜登提名美联储副主席 前财政部官员巴尔获选
n13711054,全球面临粮食危机 专家：美出口将增加
n13712742,拜登政府恢复土地租赁 允许钻探石油天然气
n13712803,美经济学家：通胀冲击中产及低收入者
n13712818,洛县3月失业率降至6%以下
n13712779,高通胀下 美国超市五种食品价格大幅上涨
n13712990,受汽车业复苏带动 美工业产出连三个月增长
n13713766,外国人被困上海 想回国要闯三关才能到机场
n13713891,美国房贷利率15个月内从低飙到高
n13709522,美国家庭住房支出最高的10个州 加州居首
n13714305,投资顾问：2022年第二季美国股市展望
n13714535,“从没想过吃不饱” 上海富人拟加速移民海外
n13714603,“清零”造成多大影响 专家：全球市场低估危害
n13714706,通货膨胀之际 美退休人员如何应对高物价
n13714874,长滩港铁路运货项目通过环境评估
n13714940,Metro：洛杉矶捷运建设达新里程碑
n13714794,中共强监管难挡资本外逃 多公司买卖外汇被重罚
n13714948,加州失业率虽下降 劳动力短缺问题仍严峻
n13715421,美航空铁路等公司纷纷取消口罩令 一文看懂
n13715484,特斯拉上海工厂重新开工 实施闭环管理
n13715596,美禽流感蔓延至29州 两月内2800万只家禽死亡
n13715695,加州独立屋中位价创新高 年涨近12%
n13716196,美劳动力市场加快复苏 哪些州就业增长最快
n13716268,俄乌战冲击粮食供应 美国食物为何不会短缺
n13716233,收购推特风波未平 马斯克又发神秘推文
n13716366,美国房价3月份创新高 库存减少 销售下降
n13716345,旅行需求激增 美联航料第二季度收入创纪录
n13717068,马斯克获465亿美元资金承诺 以收购推特
n13717041,预订回升 美航预计恢复盈利 股价飙升
n13717075,美上周申请失业救济人数18.4万 略超预期
n13717139,美联储主席：5月会议讨论加息50个基点
n13717272,SpaceX签首个协议 JSX飞机将配备星链WiFi
n13717438,纽约市保护外卖郎新规 4月22日起扩大实施
n13717899,新来人口太多 致德州部分地区房价负担不起
n13717863,美国抵押贷款利率升至5.11% 达12年新高
n13717931,美国贷款利率连涨7周 达12年来新高
n13718052,马斯克的钻孔公司从洛杉矶搬到德克萨斯州
n13717984,美邮政局长：受高通胀影响 邮局正在提价
n13717971,道指重挫近千点 创近两年最大单日跌幅
n13718539,美国通胀持续上升 冲击食品及日用品零售商
n13718618,贷款利率飙升 美国房市2022年六大走向
n13718649,加州汽油远比德州贵 原因有三
n13719695,消息：股东施压 推特与马斯克进行交易谈判
n13719878,纽约市就业回温 百老汇单周业绩恢复八成
n13720271,政治商业双风险 外资史无前例地逃离中国
n13719553,从太空到社媒 马斯克参与创立了哪些公司
n13720436,在京沪被隔离37天 律师吁美发对华旅行警告
n13720438,抵制俄能源恐酿全球经济衰退与粮食危机
n13720263,【名家专栏】美国房地产业危机将至
n13720395,SpaceX与夏威夷航空达协议 提供机上免费上网
n13720656,就业市场紧俏 美企祭三倍工资丰厚福利招聘
n13720685,买下推特之后 马斯克计划做哪些改动？
n13721162,推特易主 贝佐斯质问马斯克的中国商业关系
n13721128,标普：美2月份房价上涨20% 涨幅史上第三
n13721254,推特易主 两党反应两极 关注中期选举
n13721205,为何印尼暂停棕榈油出口会影响你的钱包
n13721458,美国房市泡沫离我们有多远？
n13721391,市场忧马斯克卖股融资 特斯拉股价暴跌12%
n13721513,房利美：经济增长预测下调 “软着陆”有困难
n13721871,美韩裔基金经理人Bill Hwang被控11项刑事罪
n13721830,通胀为四十年来最高 金币正受美国人青睐
n13721928,消息：长江存储涉违反华为禁令 美国调查
n13722042,美利率达13年新高 可调利率抵押贷款需求翻番
n13721966,利率升至5.11% 房市续热或泡沫化？
n13722105,沃尔玛扩大加油折扣 Costco会跟进吗
n13722161,专家：中共欲控制电动车供应链 与美争霸
n13722368,美国今年首季商品贸易逆差创历史新高
n13722625,美国第一季度GDP意外萎缩1.4%
n13722679,同时拥有推特和星链违法？美FCC委员驳斥
n13722751,美国制裁后 华为今年首季利润暴跌67%
n13722721,美国房贷利率飙升 潜在首次购房者望而却步
n13722824,迎接旅游旺季 LAX新增国际往返航班航线
n13723070,州议员提案 纽约市最低时薪三年后逾20元
n13723526,收购推特成功融资 马斯克未来盈利计划被曝光
n13723630,美环保局发豁免令 夏季可售高含量乙醇汽油
n13723753,加州油价居高不下 汽油税7月仍将上调5.6%
n13724250,美第二大水库干涸 引发近600万人水电危机
n13724368,巴菲特抨击华尔街：将股市变成了赌场
n13722746,对比亚马逊 八种商品更合适在Costco买
n13724887,专家：三迹象表明 美国物价可能很快回落
n13721872,组图：涨价最多的十款二手车 日韩系占7
n13725419,国际需求激增 美国天然气缺管道 产量难提高
n13725683,美日加强尖端半导体合作 防技术泄漏给中共
n13725561,【名家专栏】美国第一季度GDP说明什么？
n13725711,如何应对高通胀率 巴菲特建议你做一件事
n13726114,滞胀还是衰退？经济困境阴云或将笼罩美国
n13726328,马斯克现身时尚奥斯卡Met Gala 谈推特愿景
n13726477,莱特希泽：保留对华关税 保留对中共施压
n13726480,美职位空缺和辞职创历史新高 雇用困境持续
n13726509,美联储预计周三加息 未来紧缩政策可能加大
n13726486,美联储升息房价会回落吗？ 地产专家这么看
n13726609,亚马逊计划南加扩展 征人二千五
n13726672,利率上升 美国这十个城市的房价下跌最多
n13726739,美国太阳带城市 增加四成收入才能买得起房
n13726763,美国买房竞价放缓 数月来首次环比下降
n13727090,消息：美计划对海康威视实施人权相关制裁
n13727200,拜登指责中共企图干预两党《芯片法案》
n13727237,美联储宣布加息两码 22年来最大一次升息
n13727250,研究：中共黑客盯上美欧亚数十公司商业机密
n13727177,美联储升息2码 对你的钱包意味着什么
n13727449,京东等逾80公司被列美黑名单 或面临退市
n13727973,美上周申请失业救济人数增 两月来最高纪录
n13728188,美抵押贷款利率升至2009年以来最高水平
n13727916,【名家专栏】如何像亿万富翁一样投资 应对通胀
n13728217,促金州拥抱加密货币行业 纽森发布行政令监管
n13728230,道指暴跌逾1000点 抹去日前市场反弹涨幅
n13728366,纽约市主要地铁站附近 一卧公寓租金飙涨
n13728839,美国4月新增非农就业42.8万人 超预期
n13728848,婴儿奶粉短缺达“危机”水平 全美家长着急
n13728602,【名家专栏】美国滞胀已经到来
n13728469,尽管加息 旧金山房市依然火热
n13729026,美二手车价格从历史高位回落 缓解通胀影响
n13729234,时代广场1号大楼 将花五亿翻修
n13729086,耶伦：拜登政府巨额支出“助长了”通胀
n13729303,随着美联储抑制通胀 抵押利率可能突破6%
n13717853,营养师推荐Costco两种零食 有益血压或睡眠
n13730219,俄乌战加清零政策 欧企加大对美国投资
n13731521,若供应链持续中断 美联储恐被迫做出此举
n13731602,美股重挫 道指跌逾600点 标普跌破4000点
n13731617,美国汽油价格再次跃升至三月纪录高点
n13731332,【名家专栏】政府过度监管使美国药物价格高
n13732121,【名家专栏】美国将面临经济衰退吗？
n13732492,美房价增速比收入快 差距扩大引泡沫担忧
n13732437,会继续留在特斯拉？ 马斯克：只要我还有用
n13732610,获参院确认 库克成为美联储首位非裔女理事
n13732756,油价再创纪录  曼哈顿油价狂飙过6美元
n13732820,纽约市仅8%企业员工每周五天进办公室
n13733293,美4月通胀放缓至8.3% 仍高于预期
n13733559,中国山寨版马斯克火了 真马斯克想见他
n13733444,中国问题专家：美国应减少对华贸易
n13733653,雅培密歇根工厂婴儿奶粉生产 两周内或重启
n13733833,杰斐逊获参院确认 美联储首现两位非裔理事
n13733923,美国家庭债务今年首季达近16万亿美元
n13734040,纽约市亚裔企业收益 五年增超过三成
n13734140,台湾电动车充电桩攻占“买美国货”市场
n13734208,组图：美国油价持续上涨 创历史新高
n13734685,拜登政府取消石油天然气租约 油价可能还会涨
n13734745,通胀下这些东西贵上加贵 美家庭如何节支
n13734781,美参院确认鲍威尔连任美联储主席
n13734941,美国机票价格飙涨 航空公司4月预订下降17%
n13735138,美国初领失业金人数攀升 劳动力市场现疲软？
n13735890,西方航空业复苏 欧美游客开始补过假期
n13736176,马斯克为何不能轻易取消收购推特
n13736230,应对通货膨胀 纽森提180亿美元救济计划
n13736159,美航空公司敦促政府 取消入境新冠检测要求
n13736217,鲍威尔：抑制通胀之际 无法保证经济软着陆
n13736346,拜登：婴儿奶粉供应方面将很快会有进展
n13731653,分析：三重压力重挫美国对华投资
n13736642,组图：美国石油产业面临人工短缺问题
n13736996,从运动鞋到特斯拉 中共清零颠覆全球供应链
n13736985,前美商务部次长：拜登应敲定对华贸易政策
n13736895,【名家专栏】小心房地产泡沫破裂
n13736981,【财商天下】美中争夺下 韩国选哪边？
n13737067,外企不满清零要撤 中共慌了 官媒发文求别走
n13726608,组图：2022年最畅销15款车 丰田占五
n13737740,美国会正式启动抗中法案协商 力求6月中完成
n13737804,查推特虚假账户 马斯克被告知违反保密协议
n13733702,通胀下 在Costco买八种商品 让你物超所值
n13738025,高盛前CEO警告美国人 要为经济衰退做准备
n13738015,美大公司CEO去年薪酬达1470万美元 创新高
n13738147,纽约市卫生局与建筑局等部门 暂缓商家违规罚款
n13738532,美国旅游业旺盛 业界加大投资吸引游客
n13738565,运营逾30年 麦当劳宣布出售在俄业务
n13738603,外商封城日记：上海富人区 饿猫整夜哭嚎
n13738637,推特CEO称难在外部审查假账号 马斯克质疑
n13738785,美国油价再创新高 或使通胀进一步恶化
n13739120,分析：美国阻止投资流向人权侵犯者的三个选择
n13739245,朝鲜IT人员伪装国籍赚外汇 美吁企业当心
n13739305,继续推进推特收购？马斯克提一关键条件
n13739304,高通胀压力下 美4月零售额仍环比增长0.9%
n13739368,传黑匣子显示：东航班机俯冲坠毁是人为导致
n13739358,缓解短缺危机 美增加外国顶级婴儿奶粉进货
n13739448,马斯克：政府须控制通胀 否则美将成委内瑞拉
n13739632,纽约市财政前景乐观 但有两隐忧
n13739573,鲍威尔：美联储将继续加息 直至通胀回落
n13739713,贷款利率再次上扬 或预示低利率时代终结
n13739752,全美抵押贷款拖欠率 降至23年来最低
n13739779,美国房市是否放缓？购房者似乎很矛盾
n13740106,美国家庭汽油支出剧增 一年约5000美元
n13740252,道指暴跌1200多点 股市收盘前触当日低点
n13740158,夏季即将来临 美国人将看到电费飙升
n13740304,美国房价持续飙升 中位数最高的十个城市
n13740742,中共“躲避”UN粮食会议 美官员说不奇怪
n13740937,美5月第二周首次申请失业救济人数上升
n13740174,马斯克：未来数月对我的政治攻击将急剧升级
n13741087,参院通过保护婴儿奶粉供应法案 送拜登签署
n13740585,组图：供应链断裂 美国婴儿奶粉短缺
n13741592,马斯克前往巴西 与总统博尔索纳罗会面
n13741718,中共警告无效 戴琪和台湾经贸高官面谈合作
n13741758,美10家公司愿为员工度假买单
n13741733,标普500周五跌入熊市 美股抛售已持续数周
n13741818,清零政策或让中国经济增长首次落后美国
n13741917,南加油价破6美元 业者：油价不会下跌
n13741835,拜登：首批欧洲婴儿奶粉周末运抵美国
n13742300,今夏旅行 提前几天预订酒店最便宜
n13742351,中国制造环境不稳定 苹果寻求增加境外产量
n13742978,迈阿密市长喊话马斯克：把推特搬到迈阿密来
n13743013,美各地租金飙升 一些城市一年就涨30%
n13738098,组图：20个最可靠二手车品牌 凌志居首
n13743263,市长打击哄抬物价 35吨婴儿配方奶粉抵美
n13743027,奶粉短缺父母焦心 德州餐馆老板暖心免费赠送
n13743484,拜登宣布13国启动印太经济框架 重写规则
n13743812,拜登顾问回避美经济衰退问题 称只是过渡期
n13730794,Costco为何收年费 1.15亿会员为何愿意支付
n13744361,加快运送婴儿奶粉 美交通部发紧急声明
n13744422,沪京津等地持续封控 供应链问题推高美国通膨
n13744456,食品价格不断上涨 加州民众减少购物
n13744488,马斯克提议按机器人数量削减收购推特报价
n13744554,中企退市风险大 美中谈判尚存“重大问题”
n13744604,美中经济战 印太经济框架抗衡中共渗透
n13744933,组图：美国面临通货膨胀问题 近40年新高
n13745303,美联储会议承认通胀“非常高” 建议加快加息
n13745529,美国通胀中国封控 全球经济未来不确定性高
n13745851,马斯克调整收购推特融资 新资金来源成谜
n13746041,美第一季度GDP下降1.5% 比修正前更低
n13746049,中概股审计谈判 美中不同调 分析：中共陷两难
n13746220,美房市转冷？卖家忧错过时机 上市挂牌数大增
n13746186,阵亡将士纪念日旅游 南加预计310万人出行
n13746361,美FDA：婴儿奶粉短缺或7月底才完全解决
n13746773,美台将展开经贸协商 深化贸易投资关系
n13746669,组图：美国从德国空运约45吨婴儿配方奶粉
n13746879,美PCE物价指数4月上扬4.9% 通胀趋缓现曙光
n13747068,纪念日周末购车折扣“不给力” 应如何应对
n13747214,纽约市水费可能大涨4.9%
n13747364,马斯克谈房地产泡沫：“他们挖了自己的坟墓”
n13747369,升息不够阻挡房价飙升 还需增加供给
n13747135,阵亡将士日长周末商品折扣多 你该买什么
n13747505,通胀下Costco或涨价 有一特价食品除外
n13747528,对比中美大学毕业生就业市场 冰火两重天
n13746342,美国开始新职业生涯最好和最差的十城市
n13747596,阵亡将士纪念日周末 美国大量航班被取消
n13747819,中概股审计 美国宽容变强硬 中共傲慢变软
